# wikipedia-top.tsv  -- aggregated (reading, kanji, count) from mine_wikipedia.ps1
# generated from 13155 raw rows, 3481 distinct pairs
# columns: reading<TAB>kanji<TAB>count
さくひん	作品	208
ねん	年	201
ほうそう	放送	197
ばあい	場合	162
しょう	賞	125
えいが	映画	102
てき	的	95
にっぽん	日本	90
ばんぐみ	番組	87
しゃ	者	84
はいゆう	俳優	80
きゃくほん	脚本	78
じんぶつ	人物	65
きじ	記事	62
せいゆう	声優	61
しゅつえん	出演	59
きさい	記載	57
しよう	使用	57
ねんだい	年代	54
せいさく	製作	51
ふきかえ	吹き替え	51
さつえい	撮影	51
とうじょう	登場	47
げき	劇	47
めい	名	45
じょゆう	女優	43
つき	月	43
れい	例	41
だいし	台詞	41
しゅえん	主演	41
かい	回	40
ぶたい	舞台	39
じ	時	38
ちゅう	中	38
せいさく	制作	37
いこう	以降	36
かんとく	監督	36
しゅうろく	収録	35
しちょう	視聴	34
れんぞく	連続	34
おおい	多い	33
だい	第	33
にほんご	日本語	33
にち	日	32
ろくおん	録音	32
か	家	32
しゃ	車	31
えいぞう	映像	31
ひょうき	表記	30
さんか	参加	30
ばん	版	30
かいがい	海外	30
じこく	時刻	30
おおく	多く	30
よう	用	29
えんぎ	演技	29
ものがたり	物語	29
ほん	本	29
じだい	時代	29
にほんてれび	日本テレビ	27
いか	以下	27
かんれん	関連	27
げきだん	劇団	27
なか	中	27
こえ	声	27
しゅうりょう	終了	26
ご	語	26
げんざい	現在	25
さい	際	25
じょうほう	情報	25
えんじゃ	演者	25
か	化	25
こうもく	項目	25
やくめい	役名	25
せつめい	説明	25
しゃりょう	車両	25
いがい	以外	25
とう	等	25
えんげき	演劇	25
はっぴょう	発表	24
よば	呼ば	24
おこなわ	行わ	23
にんき	人気	23
せかい	世界	23
さいしゅう	最終	23
しゅう	週	23
なまえ	名前	23
おんせい	音声	23
じょうき	上記	23
えいご	英語	23
しょうせつ	小説	23
げんさく	原作	22
とうがい	当該	22
いっぱん	一般	22
かのう	可能	22
じっしゃ	実写	22
えんしゅつ	演出	22
かつどう	活動	22
げんば	現場	21
そんざい	存在	21
おこなう	行う	21
かひつ	加筆	21
かいわ	会話	21
すう	数	21
へんしゅう	編集	21
こうしき	公式	21
きょく	局	21
しゅってん	出典	20
だい	大	20
もちい	用い	20
みなみ	南	20
げきじょう	劇場	20
もくてき	目的	20
やく	役	20
しっぴつ	執筆	20
ていきょう	提供	20
せい	性	19
ふくすう	複数	19
さんしょう	参照	19
さす	指す	19
ひょうげん	表現	19
しゅじんこう	主人公	19
つかわ	使わ	19
ほうえい	放映	19
わく	枠	19
おわる	終わる	19
かいきん	解禁	18
こうかい	公開	18
じかん	時間	18
がいこく	外国	18
かいしゃ	会社	18
とうきょう	東京	17
てれびあさひ	テレビ朝日	17
しゅほう	手法	17
たんとう	担当	17
つうじょう	通常	17
ご	後	17
めいじ	明治	17
にん	人	17
こくさい	国際	17
まんが	漫画	17
もと	元	17
さく	作	17
た	他	16
きほん	基本	16
いちぶ	一部	16
はいしん	配信	16
おも	主	16
じっさい	実際	16
べつ	別	16
れきし	歴史	16
いち	一	16
りゆう	理由	16
あい	愛	16
ひつよう	必要	15
そのた	その他	15
きかく	企画	15
りつ	率	15
じょう	上	15
ようご	用語	15
たいがどらま	大河ドラマ	15
ほう	方	15
にかんして	に関して	15
だんゆう	男優	14
とくに	特に	14
まえ	前	14
き	期	14
たんぱつ	単発	14
やくしゃ	役者	14
いみ	意味	14
みんぽう	民放	14
はつ	初	14
しょうぼう	消防	14
へんこう	変更	14
ちじょうは	地上波	14
ないよう	内容	13
ことなる	異なる	13
けいさつ	警察	13
だいめい	題名	13
せん	線	13
かこ	過去	13
にかんする	に関する	13
せってい	設定	13
さいしょ	最初	13
かく	各	13
はっせい	発声	13
じょえん	助演	13
かんけい	関係	13
ふん	分	13
ことば	言葉	13
わらい	笑い	13
ぎきょく	戯曲	13
じけん	事件	12
とくべつ	特別	12
きごう	記号	12
もの	者	12
に	二	12
おんがく	音楽	12
ゆうしゅう	優秀	12
しょう	少	12
かき	下記	12
てんかい	展開	12
こうえん	公演	12
せんもん	専門	12
けいじ	刑事	12
ふし	節	12
ちゅうしん	中心	12
くべつ	区別	12
ぶもん	部門	11
いん	員	11
かい	会	11
かまい	構い	11
ふきかえ	吹替え	11
ふめい	不明	11
えんじ	演じ	11
たかい	高い	11
ふえ	増え	11
ぶし	節	11
わ	話	11
だいほん	台本	11
ひと	人	11
むけ	向け	11
がいよう	概要	11
ちゅうい	注意	11
しき	指揮	11
び	日	11
とうじ	当時	11
えい	英	11
くわえ	加え	11
ほんにん	本人	11
こじん	個人	11
けい	系	10
ひとつ	一つ	10
そう	総	10
さいよう	採用	10
しょぞく	所属	10
がめん	画面	10
じゅうよう	重要	10
じん	人	10
じゅん	順	10
じまく	字幕	10
え	絵	10
はつばい	発売	10
げんしょう	現象	10
だん	団	10
ぶぶん	部分	10
しょき	初期	10
おと	音	10
かくにん	確認	10
きかん	期間	10
しん	新	10
せいげん	制限	10
かぎり	限り	10
ばしょ	場所	10
そのご	その後	10
かいし	開始	10
えんじる	演じる	10
じょうたい	状態	10
さぎょう	作業	10
そうさ	捜査	10
さくせい	作成	10
ふくま	含ま	9
いちらん	一覧	9
ばめん	場面	9
よぶ	呼ぶ	9
じこう	事項	9
てん	点	9
し	士	9
こうせい	構成	9
たすう	多数	9
さい	再	9
はいっ	入っ	9
ていぎ	定義	9
ちがう	違う	9
がいぶ	外部	9
ほんやく	翻訳	9
かん	感	9
たいしょう	対象	9
えいきょう	影響	9
きじゅつ	記述	9
つくら	作ら	9
いどう	移動	9
しゅよう	主要	9
けってい	決定	9
りよう	利用	9
てれびとうきょう	テレビ東京	9
しりょう	資料	9
だいひょう	代表	9
じ	次	9
ふくむ	含む	9
ていど	程度	9
げんご	言語	9
にしたがって	に従って	9
ない	内	9
ばい	倍	8
もっ	持っ	8
はいやく	配役	8
かか	書か	8
かんせい	完成	8
ほう	法	8
どう	同	8
はっせい	発生	8
え	得	8
かえだま	替え玉	8
じょせい	女性	8
かい	下位	8
で	出	8
みずから	自ら	8
ぶんや	分野	8
じてん	時点	8
きょうりょく	協力	8
はなし	話	8
み	未	8
はんざい	犯罪	8
ぜん	前	8
な	名	8
じょうい	上位	8
つくっ	作っ	8
じん	仁	8
ながれ	流れ	8
けいしき	形式	8
ぎょうしゃ	業者	8
もじ	文字	8
せい	正	8
たんてい	探偵	8
とくさつ	特撮	8
がっこう	学校	8
ちいき	地域	8
かぎら	限ら	8
じゅうらい	従来	8
げんだい	現代	8
かんきゃく	観客	8
よさん	予算	8
けいけん	経験	7
たい	帯	7
と	撮	7
しょうじょ	少女	7
ごうい	合意	7
うえ	上	7
ばんごう	番号	7
けいれつ	系列	7
こうき	後期	7
ぜん	全	7
しょうさい	詳細	7
めいかく	明確	7
さいご	最後	7
ぜんたい	全体	7
おなじ	同じ	7
かいけつ	解決	7
つとめ	務め	7
ぎろん	議論	7
れいがい	例外	7
ひょうじ	表示	7
けん	圏	7
わだい	話題	7
はんだん	判断	7
はじめて	初めて	7
しょうかい	紹介	7
み	見	7
しょうわ	昭和	7
きじゅん	基準	7
もつ	持つ	7
てれびきょく	テレビ局	7
だんかい	段階	7
いれ	入れ	7
こうはん	後半	7
がいとう	該当	7
ようそ	要素	7
ぎょうかい	業界	7
きせい	規制	7
すくなく	少なく	7
せきにん	責任	7
きょういく	教育	7
ぎじゅつ	技術	7
きょうかい	協会	7
えいせい	衛星	7
かぜ	風	7
だいめ	代目	7
しめす	示す	7
かい	書い	7
きょうどう	共同	7
こしょう	呼称	7
ほうしん	方針	7
とくちょう	特徴	7
つぎ	次	7
つぎつぎ	次々	7
とういつ	統一	7
ころ	頃	6
あたらしい	新しい	6
かんがえ	考え	6
あわせ	合わせ	6
げいじゅつ	芸術	6
けいたい	形態	6
ゆにゅう	輸入	6
がわ	側	6
とう	灯	6
おび	帯	6
はくし	博し	6
かんこく	韓国	6
くみあい	組合	6
かぞく	家族	6
ぶん	文	6
りこん	離婚	6
かたがき	肩書き	6
けいさい	掲載	6
いじょう	以上	6
かっこく	各国	6
はしら	柱	6
つかう	使う	6
さん	三	6
じごえ	地声	6
あげ	挙げ	6
いえ	家	6
じゅしょう	受賞	6
のち	後	6
ばいたい	媒体	6
もとづい	基づい	6
ようせい	養成	6
じょうえい	上映	6
かいめい	改名	6
あたらしく	新しく	6
どくじ	独自	6
じむしょ	事務所	6
こうりょ	考慮	6
よる	夜	6
そうさく	創作	6
かいさい	開催	6
さいゆうしゅう	最優秀	6
ふきゅう	普及	6
こうにゅう	購入	6
さだめ	定め	6
しゅうかん	週間	6
じしん	自身	6
にしたがい	に従い	6
たとえば	例えば	6
かれ	彼	6
いぜん	以前	6
けっせい	結成	6
かいせつ	解説	6
おこなっ	行っ	6
どうが	動画	6
こくない	国内	6
じき	時期	6
おんきょう	音響	6
かき	書き	6
にってい	日程	6
しょしき	書式	6
しんげき	新劇	6
てん	典	6
つかっ	使っ	6
ぶ	部	6
ほじ	保持	6
めいき	明記	6
ま	間	6
しろ	白	6
そしき	組織	6
らん	欄	6
たんどく	単独	6
ちゅうしゃく	注釈	6
ねんかん	年間	6
ください	下さい	6
ろく	録	6
くに	国	6
した	下	6
けいぞく	継続	6
げきえいが	劇映画	5
しごと	仕事	5
ねんばん	年版	5
ほうどう	報道	5
じぶん	自分	5
こべつ	個別	5
きょか	許可	5
こうど	高度	5
へんせい	編成	5
どうげつ	同月	5
く	区	5
げんご	原語	5
ざ	座	5
もともと	元々	5
かんぜん	完全	5
しんさく	新作	5
きんきゅう	緊急	5
ならべ	並べ	5
どうし	同士	5
へん	編	5
そうごう	総合	5
げん	現	5
こくち	告知	5
いのうえ	井上	5
どういつ	同一	5
みとめ	認め	5
ことなり	異なり	5
じどうしゃ	自動車	5
きゅうし	休止	5
ちゅうごく	中国	5
かえる	変える	5
しょ	所	5
もちいる	用いる	5
だす	出す	5
どうよう	同様	5
せつりつ	設立	5
しじょう	市場	5
けん	権	5
ちゅうこ	中古	5
まく	幕	5
こと	事	5
どうろ	道路	5
じょうけん	条件	5
すべて	全て	5
へ	経	5
はっこう	発行	5
とくしゅ	特殊	5
とうしょ	当初	5
きそ	基礎	5
し	史	5
くるま	車	5
しき	式	5
ぞうか	増加	5
かくきょく	各局	5
こく	国	5
けんきゅう	研究	5
ぶんがく	文学	5
ふ	婦	5
き	機	5
ほんらい	本来	5
ぼうけん	冒険	5
さいきん	最近	5
かい	界	5
さい	歳	5
ほんばん	本番	5
かくう	架空	5
しゅりゅう	主流	5
きろく	記録	5
こくご	国語	5
かいりょう	改良	5
あまり	余り	5
かかわり	関わり	5
ぜんべい	全米	5
かかわる	関わる	5
かお	顔	5
しんこう	進行	5
かく	書く	5
こう	稿	5
びょうしゃ	描写	5
なまほうそう	生放送	5
さけ	避け	5
てき	敵	5
じじょう	事情	5
ぶんるい	分類	5
じたい	自体	5
とちゅう	途中	5
きょうみ	興味	5
ぎゃく	逆	5
でん	伝	5
ばなし	話	5
がく	学	5
しゅうごう	集合	5
かせい	家政	5
あかいろ	赤色	5
とき	時	5
うけ	受け	5
ところ	所	5
ぼうとう	冒頭	5
つけ	付け	5
げんおん	原音	4
やくわり	役割	4
だいよう	代用	4
しゅうせい	修正	4
よてい	予定	4
かんしん	関心	4
ふか	不可	4
きせい	期生	4
ちがい	違い	4
けん	兼	4
はじまっ	始まっ	4
はんかく	半角	4
いりょう	医療	4
ふよう	不要	4
ひょうしょう	表彰	4
きょくたん	極端	4
はん	班	4
けいい	経緯	4
しゅさい	主催	4
けいやく	契約	4
くち	口	4
しんじん	新人	4
ろう	郎	4
ふるい	古い	4
まつざき	松崎	4
ちかい	近い	4
しどう	指導	4
むね	旨	4
おもわ	思わ	4
しょめい	署名	4
すじ	筋	4
げんじつ	現実	4
さまざま	様々	4
どうじ	同時	4
しょうする	称する	4
どうにゅう	導入	4
あおやま	青山	4
かん	官	4
おこない	行い	4
ひ	日	4
しょうよう	逍遥	4
こう	項	4
にんげん	人間	4
つけかた	付け方	4
かず	数	4
さき	先	4
なぞ	謎	4
あつかう	扱う	4
ひょうか	評価	4
ほつぎ	発議	4
さい	祭	4
せいし	生死	4
かおる	薫	4
てんし	天使	4
えいこく	英国	4
じゅうどう	柔道	4
かんけつ	完結	4
だんじょ	男女	4
ようい	用意	4
ぶんしょう	文章	4
しゃ	社	4
ひじょう	非常	4
うんどう	運動	4
はは	母	4
あいしょう	愛称	4
かしょう	歌唱	4
しゃちょう	社長	4
けっこん	結婚	4
いってい	一定	4
うちあわせ	打ち合わせ	4
やくがら	役柄	4
にたいする	に対する	4
が	画	4
かい	介	4
ごえ	声	4
しょうぐん	将軍	4
いう	言う	4
さんこう	参考	4
しょ	署	4
あさ	朝	4
べい	米	4
ぶんげい	文芸	4
いんさつ	印刷	4
だいやく	代役	4
げいのう	芸能	4
かしゅ	歌手	4
ゆうごう	融合	4
すずき	鈴木	4
げんこう	原稿	4
みわ	美和	4
はんばい	販売	4
たいしょう	大正	4
め	目	4
かいしゃく	解釈	4
としこし	年越し	4
ふりつけ	振付	4
こうか	効果	4
しょうし	称し	4
しんしゃ	新車	4
かん	韓	4
じ	字	4
つづく	続く	4
よい	良い	4
ない	無い	4
りゅうこう	流行	4
ぞう	蔵	4
うちきり	打ち切り	4
かげき	歌劇	4
とくてい	特定	4
こんらん	混乱	4
ふくめ	含め	4
かぎっ	限っ	4
とともに	と共に	4
ちょめい	著名	4
たおれ	倒れ	4
きき	聞き	4
ひ	火	4
そと	外	4
ようやく	要約	4
ろんそう	論争	4
はる	貼る	4
いちかわ	市川	4
はらいさげ	払い下げ	4
しつ	室	4
はいる	入る	4
よび	呼び	4
かた	方	4
うまれ	生まれ	4
じゆう	自由	4
しゅつげん	出現	4
かんきょう	環境	4
たた	多々	4
せんこう	先行	4
み	味	4
ひょう	表	4
りゅう	龍	4
めいしょう	名称	4
わっ	割っ	4
わかやま	若山	4
こども	子供	4
じゅうふく	重複	4
つる	弦	4
きよう	起用	4
すくない	少ない	4
きゃくちゅう	脚注	4
じっせき	実績	4
しょう	小	4
たいおう	対応	4
しっ	知っ	4
にちよう	日曜	4
ぶん	分	4
かいすう	回数	4
こうどう	公道	4
きぎょう	企業	4
こうじゅつ	後述	4
がき	書き	4
とし	年	4
こうほう	広報	4
ひっとう	筆頭	4
おおきく	大きく	4
きんようび	金曜日	4
せいべつ	性別	4
びじゅつ	美術	4
ど	度	4
りょく	力	4
ぞくへん	続編	4
こうあん	考案	4
さくせん	作戦	4
りゃくしょう	略称	4
どくせん	独占	4
おとこ	男	4
にっぽんじん	日本人	4
ゆうめい	有名	4
きんだい	近代	4
けいしちょう	警視庁	4
げいのうじん	芸能人	4
あらた	新た	3
ぜんご	前後	3
おわっ	終わっ	3
はっ	張っ	3
けいこう	傾向	3
たんぺん	短編	3
きゅうきゅう	救急	3
かんしょう	鑑賞	3
おうべい	欧米	3
しゃしゅ	車種	3
げきげん	激減	3
あらわれ	現れ	3
ば	馬	3
しみん	市民	3
べいこく	米国	3
つきじ	築地	3
か	課	3
せい	製	3
あげ	上げ	3
ほうほう	方法	3
けいせい	形成	3
きょてん	拠点	3
あたえ	与え	3
げんだい	原題	3
なにかしら	何かしら	3
ほそく	補足	3
しじ	指示	3
かんよ	関与	3
かくほ	確保	3
したがう	従う	3
ほゆう	保有	3
うごき	動き	3
じどう	児童	3
き	気	3
ふそく	不足	3
おしえ	教え	3
とくそう	特捜	3
うわさ	噂	3
かんてん	観点	3
やまだ	山田	3
つとめる	務める	3
とる	執る	3
に	似	3
そうぐう	遭遇	3
たいりょう	大量	3
しょうりゃく	省略	3
かならず	必ず	3
みつから	見つから	3
とうろく	登録	3
ひかく	比較	3
つま	妻	3
しょうぼうしゃ	消防車	3
しろうと	素人	3
かぶき	歌舞伎	3
ぜったいぜつめい	絶体絶命	3
の	之	3
すいしょう	推奨	3
しょくぎょう	職業	3
ゆうか	侑香	3
みたす	満たす	3
もよう	模様	3
とっき	特記	3
じゅしょう	授賞	3
ほんごう	本郷	3
きょうてい	協定	3
ふれる	触れる	3
しょ	書	3
えがい	描い	3
じつえん	実演	3
あらわす	表す	3
こうしょう	交渉	3
うちゅう	宇宙	3
どうじに	同時に	3
にたいし	に対し	3
しゃかい	社会	3
よくしゅう	翌週	3
つごう	都合	3
いわ	言わ	3
よん	読ん	3
ありかた	あり方	3
ぶんかつ	分割	3
しゅっしん	出身	3
さいていげん	最低限	3
もんだい	問題	3
とうごう	統合	3
かっこ	括弧	3
し	誌	3
のぞましい	望ましい	3
じょうえん	上演	3
すくな	少	3
じつぶつ	実物	3
つうれい	通例	3
さつじん	殺人	3
せいせい	生成	3
しょうめい	照明	3
でんし	電子	3
さくちゅう	作中	3
なんり	南里	3
したがっ	従っ	3
そうち	装置	3
へいきん	平均	3
たち	立ち	3
かたち	形	3
きんちょう	緊張	3
きくざわ	菊沢	3
また	待た	3
むかし	昔	3
じゅよう	需要	3
こうたい	交代	3
いじ	維持	3
あさひほうそう	朝日放送	3
かんとん	広東	3
みつけ	見つけ	3
さそう	誘う	3
くらべ	比べ	3
つづき	続き	3
がいけん	外見	3
たいわん	台湾	3
かん	観	3
かきかた	書き方	3
りゅう	流	3
けんにん	兼任	3
かいじょ	解除	3
ひゃく	百	3
へいせい	平成	3
かいてい	改定	3
ていさい	体裁	3
つくる	作る	3
えがく	描く	3
きてい	既定	3
のこし	残し	3
うらごえ	裏声	3
はんい	範囲	3
だい	台	3
さいせい	再生	3
ひとし	等	3
かてい	家庭	3
けいじばん	掲示板	3
はじめ	始め	3
まかさ	任さ	3
ほんこん	香港	3
なま	生	3
はやぶさ	隼	3
ぐみ	組	3
ちゅうき	中期	3
かいいん	会員	3
せいほん	製本	3
ながい	長い	3
もっとも	最も	3
あつかい	扱い	3
おこっ	起こっ	3
かくだい	拡大	3
いっ	行っ	3
いいん	委員	3
ともない	伴い	3
じっしゃ	実車	3
げんそく	原則	3
しんや	深夜	3
ちめいど	知名度	3
ゆめ	夢	3
そつ	卒	3
いけん	意見	3
かんせん	感染	3
かいじょう	開場	3
きんねん	近年	3
しんり	心理	3
かたり	語	3
しりつ	私立	3
せんよう	専用	3
めん	面	3
ようかい	妖怪	3
こうこう	高校	3
かいひ	回避	3
もうけ	設け	3
じじつ	事実	3
みらい	未来	3
みだし	見出し	3
およぶ	及ぶ	3
あきら	亮	3
なおき	直樹	3
じぜん	事前	3
はち	八	3
こうい	行為	3
こうじょう	甲状	3
かんじ	漢字	3
しょう	症	3
きしゃ	記者	3
げんこう	現行	3
しゅやく	主役	3
かいはつ	開発	3
いたく	委託	3
りょう	料	3
こんなん	困難	3
こうひょう	好評	3
すがた	姿	3
ごげん	語源	3
はいし	廃止	3
はつ	発	3
ごう	号	3
まったく	全く	3
かにゅう	加入	3
たしか	確か	3
はんする	反する	3
および	及び	3
わ	和	3
こうばん	降板	3
となり	隣	3
ぐん	群	3
ていこく	帝国	3
あんない	案内	3
いしき	意識	3
ちょうせい	調整	3
つづい	続い	3
りょう	令	3
ゆいいつ	唯一	3
たかく	高く	3
きかん	機関	3
しゃしん	写真	3
かぶしきがいしゃ	株式会社	3
かいだん	階段	3
けんしょう	検証	3
し	師	3
おしい	押井	3
かくじつ	確実	3
ぶんか	文化	3
しぼう	死亡	3
ことなっ	異なっ	3
じゅんび	準備	3
しるし	記し	3
きゅう	九	3
ちいさな	小さな	3
にし	西	3
ちょう	超	3
にちじょう	日常	3
なんらかの	何らかの	3
はんざわ	半沢	3
つうじ	通じ	3
こ	子	3
せんでん	宣伝	3
じっしつ	実質	3
かんじょう	感情	3
なげ	投げ	3
じぎょう	事業	3
づくり	作り	3
れいめい	黎明	3
はて	果て	3
けいかん	警官	3
こくさん	国産	3
ねんど	年度	3
ぶつり	物理	3
よみかえる	読み替える	3
ささえ	支え	3
じゅうげき	銃撃	3
おおさか	大阪	3
しめくくら	締めくくら	3
つね	常	3
かん	館	3
つぼうち	坪内	3
きぼう	希望	3
がいかん	外観	3
なかま	仲間	3
もとめ	求め	3
むね	胸	3
どおり	通り	3
いっち	一致	3
かんかつ	管轄	3
すでに	既に	3
ふきかえる	吹き替える	3
れんごう	連合	3
じんせい	人生	3
かさねる	重ねる	3
くわしい	詳しい	3
わたさ	渡さ	3
きそん	既存	3
そざい	素材	3
かう	買う	3
にっけい	日系	2
かんかく	感覚	2
じしょ	辞書	2
こみだし	小見出し	2
おねがい	お願い	2
い	医	2
かわっ	変わっ	2
ふまえ	踏まえ	2
しめし	示し	2
ひろし	寛	2
こうえん	講演	2
かんぶ	幹部	2
るいじ	類似	2
みやもと	宮本	2
しぜん	自然	2
さっか	作家	2
きゅうめい	救命	2
ち	地	2
かなこ	加奈子	2
たはつ	多発	2
けいじどうしゃ	軽自動車	2
おおげさ	大げさ	2
きの	紀	2
できごと	出来事	2
いちれん	一連	2
だれ	誰	2
はなれ	離れ	2
しじつ	史実	2
ごろ	頃	2
じれい	事例	2
がいねん	概念	2
しん	死ん	2
かつよう	活用	2
ゆうびん	郵便	2
おおひら	大平	2
そつぎょう	卒業	2
たき	多岐	2
ならび	並び	2
せいしき	正式	2
しょり	処理	2
うらうち	裏打ち	2
ふくしま	福島	2
けんじ	健二	2
おおの	大野	2
わける	分ける	2
えむ	絵夢	2
てんとう	点灯	2
あたる	当たる	2
しゅぎょう	修行	2
ちょくやく	直訳	2
おれ	俺	2
しんじ	信じ	2
かどかわしょてん	角川書店	2
のぞい	除い	2
おおおか	大岡	2
ろく	六	2
しょうねん	少年	2
ごかい	誤解	2
せいねん	青年	2
きんよう	金曜	2
せい	制	2
かめん	仮面	2
じゅう	十	2
おわり	終わり	2
ようれい	用例	2
あゆみ	歩み	2
ひくい	低い	2
しょゆう	所有	2
さくらい	桜井	2
まさこ	雅子	2
しょうめつ	消滅	2
いっぽう	一方	2
さける	避ける	2
よん	四	2
ほぞん	保存	2
さっぽろ	札幌	2
よみうりしんぶん	読売新聞	2
ねんれい	年齢	2
ふくだい	副題	2
いこう	移行	2
きばん	基盤	2
げんみつ	厳密	2
なみえ	浪江	2
かっせん	合戦	2
こうふ	交付	2
とうそつ	統率	2
よみ	読み	2
みんかん	民間	2
けんじゅう	拳銃	2
てんじ	転じ	2
みえ	見え	2
とおく	遠く	2
たいはん	大半	2
ぎほう	技法	2
みうけ	見受け	2
ようぼう	要望	2
うんめい	運命	2
りょうしゃ	両者	2
くわわる	加わる	2
おか	岡	2
せんれん	洗練	2
へいじょう	平常	2
てい	低	2
およぼす	及ぼす	2
しんらい	信頼	2
めぐみ	恵	2
しあげ	仕上げ	2
おさない	小山内	2
しょくば	職場	2
せいしつ	性質	2
なんぱ	難破	2
ひ	陽	2
ちゅう	注	2
だいたい	代替	2
はら	原	2
つとう	傳	2
とぶ	飛ぶ	2
きざい	機材	2
ていあん	提案	2
うんえい	運営	2
ほんかく	本格	2
ひさづみ	久積	2
さいがい	災害	2
はいち	配置	2
さかい	堺	2
はってん	発展	2
しら	知ら	2
げんぶん	言文	2
れきだい	歴代	2
にくせい	肉声	2
あげる	挙げる	2
いえる	言える	2
まねき	招き	2
さとう	佐藤	2
やりなおし	やり直し	2
こうへん	後編	2
ぜんぺん	前編	2
ひん	品	2
うめだ	梅田	2
すぎる	過ぎる	2
あきやま	秋山	2
あたま	頭	2
かいよう	海容	2
さん	産	2
ろうどく	朗読	2
にたいして	に対して	2
わざ	技	2
りかい	理解	2
みち	道	2
ひめ	姫	2
なまり	訛り	2
よみうり	読売	2
まち	町	2
そくめん	側面	2
いみあい	意味合い	2
めざし	目指し	2
くぎり	区切り	2
ちゅうばん	中盤	2
みなみあおやま	南青山	2
れき	歴	2
がけ	崖	2
むかえ	迎え	2
はっしん	発信	2
しゅっこう	出向	2
ちえん	遅延	2
むずかしい	難しい	2
こてん	古典	2
いんたい	引退	2
めいめい	命名	2
いく	行く	2
ふくおかほうそうきょく	福岡放送局	2
すえ	末	2
おとめ	乙女	2
わらいごえ	笑い声	2
かたおか	片岡	2
とりつけ	取り付け	2
きめ	決め	2
くろまく	黒幕	2
ば	場	2
われわれ	我々	2
りょうほう	両方	2
わせい	和製	2
しょうじる	生じる	2
ぼうおん	防音	2
にゅうしゅ	入手	2
けし	消し	2
かんげき	観劇	2
ちゅうけい	中継	2
しょうかく	昇格	2
ばん	阪	2
かわうち	河内	2
しょう	省	2
ついか	追加	2
ようし	用紙	2
じゅうし	重視	2
せっち	設置	2
へんか	変化	2
そうそう	草創	2
ならん	並ん	2
せいぶ	西部	2
えんげい	演芸	2
や	屋	2
とく	特	2
むよう	無用	2
そら	空	2
ふたん	負担	2
さいしん	最新	2
せっけい	設計	2
ほこる	誇る	2
い	異	2
だんいん	団員	2
そがわ	十川	2
こくがい	国外	2
きき	危機	2
うたう	歌う	2
しょうちく	松竹	2
こまかい	細かい	2
とがき	ト書き	2
ちゅうだん	中断	2
なりた	成田	2
たこく	他国	2
おち	落ち	2
とくだん	特段	2
げんじてん	現時点	2
わかり	分かり	2
ことわり	断り	2
わから	分から	2
ゆしゅつ	輸出	2
とくがわ	徳川	2
かすが	春日	2
いれる	入れる	2
ゆえに	故に	2
ともなっ	伴っ	2
ひかくてき	比較的	2
あらわれる	現れる	2
いえやす	家康	2
いちじるしく	著しく	2
けた	桁	2
なに	何	2
かみがた	髪型	2
たさか	田坂	2
きまっ	決まっ	2
せいどう	制動	2
おこなっ	行なっ	2
はせい	派生	2
どよう	土曜	2
さいぶ	細部	2
ひりつ	比率	2
おこる	起こる	2
かおだし	顔出し	2
じゅんじ	準じ	2
ふゆ	冬	2
きけん	危険	2
かずおおく	数多く	2
しんせつ	新設	2
ひがし	東	2
かいき	怪奇	2
れんあい	恋愛	2
ぐたい	具体	2
そうてい	想定	2
いま	今	2
ぶんぽう	文法	2
びょういん	病院	2
まんいち	万一	2
だんたい	団体	2
じむ	事務	2
そうしゅうへん	総集編	2
はくしゃく	伯爵	2
をとおして	を通して	2
かんじゃ	患者	2
はかせ	博士	2
じょ	女	2
かじうら	梶浦	2
してい	指定	2
うつっ	映っ	2
はなす	話す	2
きよし	聖	2
でんか	殿下	2
きよし	清	2
おおきい	大きい	2
しらべ	調べ	2
げんじものがたり	源氏物語	2
ふとじ	太字	2
ちゅうかん	中間	2
ともなう	伴う	2
きくさわ	菊澤	2
さいこう	最高	2
きょく	曲	2
つばき	椿	2
えんそう	演奏	2
ずみ	済み	2
ぶんさん	分散	2
りれき	履歴	2
かたる	語る	2
かくりつ	確立	2
げてん	外典	2
きょうゆう	共有	2
すぐれ	優れ	2
こゆう	固有	2
くぎっ	区切っ	2
そうしょく	装飾	2
にのみや	二宮	2
みる	見る	2
おおとも	大友	2
ぜんいん	全員	2
れんめい	連盟	2
くわしく	詳しく	2
ざっし	雑誌	2
とう	当	2
わかれ	別れ	2
いしょう	衣装	2
てんかん	転換	2
おくれ	遅れ	2
きにゅう	記入	2
せい	姓	2
いろ	色	2
いちばん	一番	2
てん	店	2
こい	恋	2
じゅうしょう	重傷	2
じつざい	実在	2
せんぎょう	専業	2
ちょうさ	調査	2
よくじつ	翌日	2
きょうし	教師	2
ていがく	定額	2
ちい	地位	2
つうしん	通信	2
えんどう	遠藤	2
せいかつ	生活	2
けん	県	2
だか	高	2
き	記	2
いらい	依頼	2
おこり	起こり	2
ゆうき	勇気	2
なつ	夏	2
おうじ	応じ	2
わな	罠	2
げんぎ	原義	2
ひろう	披露	2
いや	嫌	2
こうかい	航海	2
けんい	権威	2
きみこ	貴美子	2
こやく	子役	2
おろす	下ろす	2
いっせい	一斉	2
こまざき	駒崎	2
ちょうき	長期	2
かかく	価格	2
どうねん	同年	2
しょうちょう	象徴	2
ゆうめいじん	有名人	2
しょだい	初代	2
かわかみ	川上	2
かずかず	数々	2
こまかく	細かく	2
あくま	悪魔	2
しゅるい	種類	2
そうぞう	想像	2
いちいん	一員	2
しょく	職	2
ず	図	2
しゅだん	手段	2
せいど	制度	2
いんしょう	印象	2
かおり	香織	2
ふくめん	覆面	2
こうぎ	広義	2
おくない	屋内	2
ごそう	護送	2
ひでと	秀人	2
しっと	嫉妬	2
けんかい	見解	2
そうせつ	創設	2
まちこ	真千子	2
おさえ	抑え	2
おき	起き	2
しょくざい	贖罪	2
せんげん	宣言	2
こうご	口語	2
せいちょう	成長	2
つよし	剛	2
なく	無く	2
ねざし	根ざし	2
だいえい	大映	2
ようい	容易	2
あらわす	著す	2
ち	血	2
りゃくし	略し	2
たけだ	武田	2
きょうごう	競合	2
あつし	篤	2
じてん	辞典	2
ごじつ	後日	2
しばい	芝居	2
しゅし	趣旨	2
しっぱい	失敗	2
あめりかがっしゅうこく	アメリカ合衆国	2
ていめい	低迷	2
きぼ	規模	2
がくえん	学園	2
かんり	管理	2
ほうかつ	包括	2
ちょさく	著作	2
まいしゅう	毎週	2
おおごし	大越	2
ほっそく	発足	2
づけ	付け	2
つたえる	伝える	2
なかじま	中島	2
たいかい	大会	2
みっちゃく	密着	2
きげき	喜劇	2
かいむ	皆無	2
しょざいち	所在地	2
しょうすう	少数	2
ふかく	深く	2
さっこん	昨今	2
かぎる	限る	2
のぞき	除き	2
ねこ	猫	2
とりあげ	取り上げ	2
へいき	併記	2
かくしゅ	各種	2
あつかっ	扱っ	2
はん	版	2
きょうさい	共催	2
せいび	整備	2
えみ	絵美	2
さつがい	殺害	2
ながし	流し	2
いつき	樹里	2
おおはば	大幅	2
ひよう	費用	2
ざつおん	雑音	2
ひんかく	品格	2
あいな	愛菜	2
ほりさげ	掘り下げ	2
まなむすめ	愛娘	2
そうげん	草原	2
ふりかえ	振り替え	2
はぶい	省い	2
かち	価値	2
やすお	康雄	2
かならずしも	必ずしも	2
しょにち	初日	2
かんしゅう	慣習	2
ふくぎょう	副業	2
あさひ	朝日	2
えらば	選ば	2
うんてん	運転	2
ぬき	抜き	2
しめさ	示さ	2
ひき	引き	2
じろう	次郎	2
がかり	係	2
さかな	魚	2
ほお	頬	2
もち	持ち	2
ほんぺん	本編	2
まさと	雅人	2
ようきゅう	要求	2
ちば	千葉	2
がくい	学位	2
しじ	師事	2
しょうじ	生じ	2
きん	金	2
わしゃ	話者	2
かじょう	箇条	2
しほ	史歩	2
きんせい	近世	2
しゅかん	主観	2
そっきょう	即興	2
ほうてい	法廷	2
さがり	下がり	2
どくりつ	独立	2
いいお	飯尾	2
ふるく	古く	2
ふぞく	付属	2
ふる	振る	2
ふくおか	福岡	2
すすん	進ん	2
そうこう	走行	2
かきそえ	書き添え	2
しめい	指名	2
ごじゅうおん	五十音	2
つける	付ける	2
ひひょう	批評	2
かんい	簡易	2
なかっ	無かっ	2
したがい	従い	2
かんたん	簡単	2
てってい	徹底	2
ご	五	2
じょうきょう	状況	2
せつげん	節減	2
ゆうせん	優先	2
とうかつ	統括	2
てんぼう	展望	2
ぞう	像	2
こんご	今後	2
ふう	風	2
おの	尾野	2
すいり	推理	2
つかい	使い	2
もんぶしょう	文部省	2
ふくめる	含める	2
みまん	未満	2
あしだ	芦田	2
じゃっかん	若干	2
ふとし	太	2
しんせい	申請	2
まもる	守	2
けいこ	稽古	2
はじまる	始まる	2
おう	欧	2
けつまつ	結末	2
はたあげ	旗揚げ	2
こうし	講師	2
えん	円	2
もりた	森田	2
ほうりつ	法律	2
たんに	単に	2
かいさん	解散	2
はり	貼り	2
ばん	板	2
しょくのう	職能	2
いいまわし	言い回し	2
みなと	港	2
はいけい	背景	2
すくなくとも	少なくとも	2
こばやし	小林	2
きょうと	京都	2
ほうだい	邦題	2
きづか	気付か	2
りんじょう	臨場	2
ごと	毎	2
じょう	場	2
しんがた	新型	2
じき	磁気	2
かんとう	関東	2
だいし	題し	2
ひる	昼	2
ふけい	府警	2
かれら	彼ら	2
いもうと	妹	2
してき	指摘	2
つつみ	堤	2
かし	歌詞	2
きょうじゅ	教授	2
こたえ	答え	2
ほうしき	方式	2
ひくく	低く	2
とつじょ	突如	2
さし	指し	2
ひっす	必須	2
せいかく	性格	2
つけかえ	付け替え	2
かん	間	2
きょうえん	共演	2
なお	尚	2
こうしゃ	後者	2
し	氏	2
かいへん	改変	2
しょうしつ	消失	2
とじる	閉じる	2
しゅ	手	2
き	来	2
こっけい	滑稽	2
よべる	呼べる	2
つるみず	鶴水	2
おおきな	大きな	2
とうぶ	頭部	2
わけ	分け	2
かんさい	関西	2
つくりあげ	作り上げ	2
ながれぼし	流れ星	2
じゅんきょ	準拠	2
あらわし	表し	2
ぐち	口	2
やすい	安い	2
まや	麻耶	2
ひとしく	等しく	2
のべ	述べ	2
ふつう	普通	2
りょう	量	2
おう	負う	2
かさい	火災	2
にげ	逃げ	1
くん	訓	1
いんぜい	印税	1
だいじ	題字	1
すうはい	崇拝	1
あんさつ	暗殺	1
ぞくとう	続投	1
へいし	兵士	1
は	派	1
じごく	地獄	1
くろやなぎ	黒柳	1
すみ	済	1
うむ	有無	1
ぜんはん	前半	1
よみもの	読み物	1
みょうしんじ	妙心寺	1
す	巣	1
きら	切ら	1
すこし	少し	1
あえば	饗庭	1
しゅだい	主題	1
ひしょ	秘書	1
ひろみ	博己	1
やくしょく	役職	1
たいぜん	大全	1
なかやま	中山	1
あめ	雨	1
きかい	機会	1
すいこう	推敲	1
きかん	帰還	1
はじめ	源	1
ぜんこく	全国	1
しだいに	次第に	1
むかえる	迎える	1
き	着	1
ばるかんはんとう	バルカン半島	1
もくよう	木曜	1
おおこうち	大河内	1
けいご	警護	1
たかまり	高まり	1
じったい	実態	1
へいそく	閉塞	1
みほ	未帆	1
くうかん	空間	1
ねがい	願い	1
あくしゅ	握手	1
ふていき	不定期	1
こうどうかん	講道館	1
ぶひん	部品	1
おい	置い	1
つぎや	次屋	1
あわ	合わ	1
はっする	発する	1
ここ	個々	1
しめ	占め	1
そとがわ	外側	1
とおり	通り	1
ざいべい	在米	1
すりあわせ	すり合わせ	1
かいせん	回線	1
かどや	門矢	1
たいし	大使	1
ひだるま	火達磨	1
げんいん	原因	1
こうじょう	恒常	1
かねそなえ	兼ね備え	1
じょう	条	1
つよい	強い	1
ゆりか	夕利果	1
しゃべる	喋る	1
さいりょう	最良	1
にさいして	に際して	1
わり	割	1
ひがしあじあ	東アジア	1
とき	解き	1
ししゃ	死者	1
むだん	無断	1
しょうほん	正本	1
いまだに	未だに	1
はぶき	省き	1
ちりょう	治療	1
はくじん	白人	1
とりかえる	取り替える	1
きどう	機動	1
じゅんこ	順子	1
かかっ	掛かっ	1
たなか	田中	1
めだっ	目立っ	1
えみ	映見	1
とうしゅう	踏襲	1
かんばん	看板	1
とりのこさ	取り残さ	1
せき	席	1
たたい	叩い	1
さいさん	再三	1
せんねん	専念	1
かせつ	仮設	1
かぶ	歌舞	1
じっこう	実行	1
ばんこくはくらんかい	万国博覧会	1
ざいきょう	在京	1
ごらく	娯楽	1
あっとう	圧倒	1
きち	吉	1
ぜんかく	全角	1
はしら	走ら	1
せけん	世間	1
うつわ	器	1
しょねん	初年	1
たてなおし	立て直し	1
よる	依る	1
せたい	世帯	1
あらい	新井	1
へいこう	平行	1
こい	来い	1
ゆらい	由来	1
せいごう	整合	1
ちょうじん	鳥人	1
びだん	美談	1
しお	塩	1
あさどら	朝ドラ	1
たつお	龍男	1
ごく	語句	1
はしれる	走れる	1
きず	傷	1
わけ	訳	1
りょうりん	両輪	1
どう	動	1
ねづよい	根強い	1
くも	雲	1
たいりつ	対立	1
そんち	存置	1
うごく	動く	1
こんざい	混在	1
うんそう	運送	1
たち	達	1
ししゅん	思春	1
こうかん	公刊	1
しょうへい	招聘	1
はんぎゃく	反逆	1
たつや	竜也	1
ていちゃく	定着	1
うたわ	歌わ	1
きんだいち	金田一	1
ふくざつ	複雑	1
せいこう	精巧	1
せいぶつ	生物	1
ごうかく	合格	1
ひょうばん	評判	1
とりはずし	取り外し	1
あん	庵	1
ひく	低	1
なつこ	奈津子	1
べっき	別記	1
ゆずる	譲る	1
まき	巻き	1
ていじ	提示	1
すがわ	須川	1
つながっ	繋がっ	1
おとずれる	訪れる	1
たぬき	狸	1
やりなおす	やり直す	1
ふまん	不満	1
たい	隊	1
しつかん	質感	1
しゅだいか	主題歌	1
ごよう	御用	1
しんぺい	新平	1
そうさ	操作	1
しゅうがく	就学	1
べんごし	弁護士	1
だい	抱い	1
ていしゅつ	提出	1
ほうしゅつ	放出	1
うわがき	上書き	1
くろさわ	黒沢	1
ひしかわ	菱川	1
とうよう	東洋	1
はつめい	発明	1
にっかつ	日活	1
いしかわ	石川	1
きらっ	嫌っ	1
かわけ	河毛	1
かくこう	各項	1
ひっぱる	引っ張る	1
おおかっ	多かっ	1
あしがらしも	足柄下	1
いさお	功	1
へんさん	編纂	1
ひろみ	宏美	1
くりやま	栗山	1
うつ	映	1
ほうもん	訪問	1
おうぼ	応募	1
つばめ	燕	1
えつ	越	1
よみあげる	読み上げる	1
やぶれる	敗れる	1
しんてん	進展	1
えんがん	沿岸	1
ふくしゅう	復讐	1
くん	組ん	1
なっとく	納得	1
せんだいほうそうきょく	仙台放送局	1
よぎなく	余儀なく	1
けんり	権利	1
くらべる	比べる	1
しゅみ	趣味	1
えいじ	英志	1
せんにゅう	潜入	1
おおまか	大まか	1
じつりょく	実力	1
ゆうえき	有益	1
かてい	過程	1
ながた	永田	1
おなじく	同じく	1
じたい	事態	1
りそう	理想	1
とくめい	匿名	1
やめ	辞め	1
うから	受から	1
らてんご	ラテン語	1
ちかづける	近づける	1
ねんかん	年鑑	1
かんだかい	甲高い	1
ひろえ	拾え	1
さんゆうていえんちょう	三遊亭圓朝	1
まつゆき	松雪	1
ひろげ	広げ	1
たいせい	大勢	1
へいこう	並行	1
しぎかい	市議会	1
ゆり	由理	1
おきて	掟	1
さくふう	作風	1
はりかえ	張り替え	1
しない	市内	1
てんぷ	添付	1
しどう	私道	1
いしわた	石渡	1
げいれき	芸歴	1
すいじゅん	水準	1
げんばん	原版	1
ろじょう	路上	1
はせがわ	長谷川	1
さっとう	殺到	1
いちりつ	一律	1
とりしまりやく	取締役	1
おもしろ	面白	1
さか	坂	1
みき	美紀	1
ゆき	祐希	1
きえ	消え	1
そうだん	相談	1
でき	出来	1
かまくら	鎌倉	1
せいし	正史	1
はばひろく	幅広く	1
はやし	林	1
こたえる	応える	1
きみょう	奇妙	1
ぜんてい	前提	1
むじゅん	矛盾	1
こん	今	1
しゅじく	主軸	1
よわく	弱く	1
そい	沿い	1
ごろう	悟朗	1
はりがみ	張り紙	1
けいひ	経費	1
きゅう	急	1
とくちょうづけ	特徴付け	1
へいき	兵器	1
ふみだし	踏み出し	1
おちつい	落ち着い	1
こいずみ	小泉	1
ふりかえれ	振り返れ	1
じっせん	実践	1
であっ	出会っ	1
きゅうゆう	級友	1
しゅんかん	瞬間	1
ひび	日々	1
のちに	後に	1
ぼっぱつ	勃発	1
うしなっ	失っ	1
しゃこ	車庫	1
りえこ	理江子	1
きどう	起動	1
ひやく	飛躍	1
ぐ	具	1
どうじん	同人	1
なかば	半ば	1
こう	高	1
かいふく	回復	1
ゆき	有紀	1
まれ	稀	1
ていしょう	提唱	1
どの	殿	1
おとなび	大人び	1
かそう	仮想	1
まゆ	繭	1
あやの	綾野	1
ゆうはつ	誘発	1
たんたい	単体	1
おくる	送る	1
し	視	1
ちゅうき	注記	1
そね	曽根	1
せいいき	声域	1
くに	國	1
めんきょ	免許	1
くむ	汲む	1
おきかえ	置き換え	1
せいせき	成績	1
ほんぶし	本節	1
こんきょ	根拠	1
のこる	残る	1
けんぜん	健全	1
たちば	立場	1
つちかっ	培っ	1
しょかつ	所轄	1
こうべ	神戸	1
でる	出る	1
よこざわ	横沢	1
きゅうそく	急速	1
としこ	登志子	1
ひきたてる	引き立てる	1
たいざい	滞在	1
あいしゃ	愛車	1
ち	治	1
とわ	問わ	1
きょうりょく	強力	1
ぶき	武器	1
あがっ	上がっ	1
ざいほう	財宝	1
みちこ	未知子	1
せいりょく	勢力	1
がんらい	元来	1
しゅじゅつ	手術	1
さが	佐賀	1
はなつ	放つ	1
せっしょう	折衝	1
おんな	女	1
しんしゅん	新春	1
ぞうだい	増大	1
せいきょ	逝去	1
ぎげい	技芸	1
どうめい	同盟	1
けい	景	1
いちざ	一座	1
せん	戦	1
がくれき	学歴	1
たたかい	戦い	1
とうどり	頭取	1
てんぽ	店舗	1
へっ	減っ	1
しんいち	伸一	1
つき	付き	1
いわい	岩井	1
かぶきざ	歌舞伎座	1
あゆみ	歩美	1
いいわたさ	言い渡さ	1
かす	貸す	1
どうとく	道徳	1
はで	派手	1
かんえい	寛永	1
しせい	姿勢	1
しひ	私費	1
こっせつ	骨折	1
きた	北	1
さがる	下がる	1
つづか	続か	1
たんしゅく	短縮	1
すんぜん	寸前	1
どうちょう	同調	1
ねんまつ	年末	1
ときとして	時として	1
しんぞう	心臓	1
うそ	嘘	1
どうめい	同名	1
とくてん	特典	1
そえ	添え	1
ふうきり	封切り	1
めいけん	名犬	1
もじどおり	文字通り	1
ぐんしょう	群小	1
ふか	負荷	1
ふたばていしめい	二葉亭四迷	1
ねらっ	狙っ	1
ひげ	髭	1
はたもと	旗本	1
へいれつ	並列	1
はいじょ	排除	1
こうご	交互	1
てっぱん	鉄板	1
こうぼ	公募	1
もじすう	文字数	1
ひであき	秀明	1
ぜんせい	全盛	1
ふかかっ	深かっ	1
ふりかえ	振替	1
いわなみしょてん	岩波書店	1
さけび	叫び	1
ひとこと	一言	1
こんかい	今回	1
ほり	濠	1
ねんべつ	年別	1
あらそう	争う	1
ひこうかい	非公開	1
しゅうきょう	宗教	1
めぐまれ	恵まれ	1
ふせんめい	不鮮明	1
くいちがい	食い違い	1
せい	世	1
おう	追う	1
こうぎ	抗議	1
まつり	祭り	1
みかんせい	未完成	1
きょくげん	極限	1
そうび	装備	1
じっきょう	実況	1
すくなから	少から	1
きらい	嫌い	1
てんけん	点検	1
とうろう	燈籠	1
いけだ	池田	1
さ	差	1
じもと	地元	1
じょう	状	1
どうぶつ	動物	1
さとし	聰	1
さい	最	1
たんまつ	端末	1
みうら	三浦	1
しょこく	諸国	1
ぶんがくぶ	文学部	1
きょうき	狂気	1
がい	街	1
おくがい	屋外	1
かんむり	冠	1
せい	生	1
じょうしょう	上昇	1
てがける	手掛ける	1
だいちょう	台帳	1
せんたい	戦隊	1
はっ	貼っ	1
しゅういちろう	周一郎	1
さしかえ	差し替え	1
ひろせ	広瀬	1
み	実	1
ぐん	郡	1
そうにゅう	挿入	1
ねんがっぴ	年月日	1
せんだって	先だって	1
かんりゃく	簡略	1
とうぼう	逃亡	1
くろう	九郎	1
ちゅうこうねん	中高年	1
とっ	採っ	1
かしょ	箇所	1
あだうち	仇討	1
き	木	1
じょうげ	上下	1
むりょう	無料	1
くわやま	桑山	1
しょう	章	1
じょうし	上司	1
あいまい	曖昧	1
さしかえる	差し替える	1
きゃっかん	客観	1
もとづき	基づき	1
おとじろう	音二郎	1
じめん	地面	1
かかわっ	関わっ	1
まいにち	毎日	1
かたり	語り	1
ひかり	光	1
おこなわ	行なわ	1
のる	載る	1
いい	伊井	1
あたえる	与える	1
ひょうめん	表面	1
しょうなん	湘南	1
がたい	難い	1
さいじょう	西條	1
よくねん	翌年	1
きはん	規範	1
おんなのこ	女の子	1
きょうせい	強制	1
くふう	工夫	1
のりこん	乗り込ん	1
にあたり	に当たり	1
にんぎょう	人形	1
りゃく	略	1
きょうつう	共通	1
ももやま	桃山	1
おこす	興す	1
かずひこ	和彦	1
かねと	兼人	1
ぼうや	坊や	1
こう	江	1
かわり	代わり	1
こううん	幸運	1
ちん	珍	1
じゅくりょ	熟慮	1
みのる	實	1
きめる	決める	1
へんせん	変遷	1
べんし	弁士	1
つげ	告げ	1
みつめ	見つめ	1
いっしょ	一緒	1
けんせつ	建設	1
ようせい	要請	1
やぼう	野望	1
ふき	付記	1
ほか	他	1
よぶん	余分	1
くどう	宮藤	1
しゅどう	主導	1
よしひで	良英	1
かため	固め	1
ぼ	簿	1
おんぱ	音波	1
おもい	思い	1
うなばら	海原	1
りきりょう	力量	1
うらかべ	浦壁	1
こうてき	公的	1
いし	医師	1
ぐんしゅう	群衆	1
あさひしんぶん	朝日新聞	1
わらっ	笑っ	1
たほうめん	多方面	1
つめ	詰め	1
めいげん	明言	1
はんめい	判明	1
とどうふけん	都道府県	1
たいひ	対比	1
のりこみ	乗り込み	1
すいちょく	垂直	1
せいつう	精通	1
たまわり	賜り	1
あなうめ	穴埋め	1
ほうふ	豊富	1
せんこう	専攻	1
どうそうかい	同窓会	1
しこう	志向	1
さけぶ	叫ぶ	1
さくら	桜	1
えらぶ	選ぶ	1
かどかわ	角川	1
くさわけ	草分け	1
のべれ	述べれ	1
じえい	自衛	1
やくし	訳し	1
ほうげつ	抱月	1
よそう	予想	1
きょくりょく	極力	1
むかっ	向かっ	1
ふす	付す	1
しば	司馬	1
うりだし	売り出し	1
かよう	火曜	1
そしょう	訴訟	1
はるお	春雄	1
じゅうせい	銃声	1
おおみや	大宮	1
ほんとう	本当	1
けんしゅうせい	研修生	1
およば	及ば	1
あした	明日	1
そめや	染谷	1
かくし	隠し	1
かいだい	改題	1
ほんとうに	本当に	1
げきだんすばる	劇団昴	1
こわけ	小分け	1
しょうか	消火	1
こう	行	1
かほく	河北	1
ぶたいげき	舞台劇	1
しょうがくせい	小学生	1
し	紙	1
さだやっこ	貞奴	1
もりやま	森山	1
かこく	ヶ国	1
さかん	盛ん	1
そのかん	その間	1
やくだつ	役立つ	1
ぺきん	北京	1
こうつう	交通	1
おくむら	奥村	1
しょもつ	書物	1
きんだん	禁断	1
べっしょう	別称	1
せいみつ	精密	1
みとこうもん	水戸黄門	1
しゅたい	主体	1
からだ	体	1
しぼり	絞り	1
あっとうてき	圧倒的	1
ごうてい	豪邸	1
ならべる	並べる	1
たいよう	耐用	1
けい	圭	1
こ	来	1
きか	訊か	1
うたっ	歌っ	1
ゆき	行	1
しゅうとく	修得	1
かんげい	歓迎	1
てるゆき	照之	1
こうか	高価	1
えんぶ	演舞	1
とだ	戸田	1
じょうねつ	情熱	1
てらし	照らし	1
としょ	図書	1
がっき	楽器	1
しょうたい	正体	1
びやく	媚薬	1
さかもと	坂元	1
ぼこく	母国	1
いっせん	一線	1
とりきめ	取り決め	1
せいでん	正伝	1
いつわ	逸話	1
しゃけん	車検	1
かめい	加盟	1
たま	珠	1
けん	拳	1
ふか	付加	1
しんどう	新藤	1
はやい	早い	1
あきら	瑛	1
すばやく	素早く	1
おんし	恩師	1
せいしょ	聖書	1
しんちょう	新潮	1
こよう	雇用	1
せいぞん	生存	1
りったい	立体	1
どうふけん	道府県	1
なかの	中野	1
あや	亜弥	1
よき	予期	1
きづき	気付き	1
りえこ	梨枝子	1
とりとめ	取り留め	1
とめ	止め	1
かく	核	1
をつうじて	を通じて	1
はくしゅ	拍手	1
かしらもじ	頭文字	1
したい	死体	1
きゅうけい	休憩	1
いさご	沙	1
みせどころ	見せどころ	1
ひじょうきん	非常勤	1
ぶんご	文語	1
たのしむ	楽しむ	1
わりあい	割合	1
すすめ	進め	1
かいてん	回転	1
もとめる	求める	1
ぎゃっこう	逆光	1
かこく	過酷	1
だめ	駄目	1
ひろはし	広橋	1
こうぞう	構造	1
かながわ	神奈川	1
ど	土	1
にくづけ	肉付け	1
てんごく	天国	1
とうじつ	当日	1
かなしむ	悲しむ	1
やました	山下	1
あたり	辺り	1
ごうせい	合成	1
かこう	加工	1
あやこ	綾子	1
ふめつ	不滅	1
かえっ	帰っ	1
こうせき	功績	1
たしゅ	多種	1
あらためて	改めて	1
あらわし	著し	1
こうちく	構築	1
ほご	保護	1
まさいち	雅一	1
はまっ	嵌っ	1
あいよう	愛用	1
えれ	江麗	1
ひらか	平家	1
くやしい	悔しい	1
とじこめ	閉じ込め	1
おたに	小谷	1
まぎれこん	紛れ込ん	1
がくしゅう	学修	1
なん	何	1
できる	出来る	1
かんちがい	勘違い	1
あがっ	揚がっ	1
かいこ	解雇	1
さか	割か	1
さい	差異	1
おき	置き	1
ほっさ	発作	1
ごまかし	誤魔化し	1
みじかく	短く	1
きん	近	1
しまむら	島村	1
ふとう	不当	1
きょうりゅう	恐竜	1
ばかばかしく	馬鹿馬鹿しく	1
つうこうにん	通行人	1
あんり	杏里	1
ひょうじょう	表情	1
いらい	以来	1
たほう	他方	1
とくしつ	特質	1
しきり	仕切り	1
どうりょう	同僚	1
けんこう	健康	1
ほうめん	方面	1
こんぽん	根本	1
けいび	警備	1
へいがい	弊害	1
にんずう	人数	1
たいじ	対峙	1
ほうすい	放水	1
きょうよう	強要	1
まちかまえ	待ち構え	1
ごうり	合理	1
ふね	船	1
しんせき	親戚	1
たかお	隆夫	1
ねりなおし	練り直し	1
いたっ	至っ	1
ふかい	深い	1
くみ	組み	1
うちゅうせん	宇宙船	1
つかいわけ	使い分け	1
てきぎ	適宜	1
きくち	菊池	1
おどる	踊る	1
じょう	嬢	1
さくら	櫻	1
すませ	済ませ	1
きたく	帰宅	1
もす	模す	1
ぞうげん	増減	1
ほりかわ	堀川	1
ほうかい	崩壊	1
ひろえる	拾える	1
むすん	結ん	1
とくばん	特番	1
げきか	激化	1
うしろ	後ろ	1
こくじ	国字	1
ちょくせつ	直接	1
のせ	載せ	1
しんずい	神髄	1
からす	烏	1
ごぜん	午前	1
とおし	通し	1
ほうふく	報復	1
じてん	事典	1
じゅう	銃	1
やすこ	泰子	1
ひんしつ	品質	1
みず	水	1
おかさ	冒さ	1
とつげき	突撃	1
かげつ	ヶ月	1
いんとう	咽頭	1
しょうがつ	正月	1
せいたい	声帯	1
ひろし	博	1
しのはら	篠原	1
ふうしゅう	風習	1
みどり	緑	1
ぜんせいき	全盛期	1
しゅぎ	主義	1
しゅんじ	俊二	1
かずこ	和子	1
つたえ	伝え	1
はちべえ	八兵衛	1
ほくべい	北米	1
きしだ	岸田	1
あ	亜	1
わかる	分かる	1
じっけい	実景	1
じゅうよう	重用	1
かわる	変わる	1
こどく	孤独	1
あて	当て	1
なかまいり	仲間入り	1
くみこん	組み込ん	1
ねんすう	年数	1
まじょ	魔女	1
ひろまっ	広まっ	1
たかはね	鷹羽	1
つかえる	使える	1
ちとせ	千歳	1
あわじ	淡路	1
しょうとう	消灯	1
きのう	機能	1
あきしま	昭島	1
みやけ	三宅	1
かさなっ	重なっ	1
きいち	貴一	1
こゆうめいし	固有名詞	1
ていじ	悌二	1
なおし	直し	1
ちょくご	直後	1
ふき	吹き	1
はこん	運ん	1
めだち	目立ち	1
どりょく	努力	1
いしはら	石原	1
あさく	浅く	1
かえ	変え	1
あか	赤	1
じょうび	常備	1
はんらん	反乱	1
ぐんま	群馬	1
ぶちょう	部長	1
の	野	1
しゅ	主	1
ひろがっ	広がっ	1
こどうぐ	小道具	1
しっせき	叱責	1
もとづか	基か	1
さかのぼる	遡る	1
ぜったい	絶対	1
はなれる	離れる	1
けんきゅうじょ	研究所	1
もりいち	森一	1
としこ	淑子	1
はしわたし	橋渡し	1
だいにんき	大人気	1
ちょうし	調子	1
いな	否	1
さっ	察	1
せいと	生徒	1
ぜい	勢	1
じゅよ	授与	1
とうりゅうもん	登竜門	1
たましい	魂	1
かいもの	買い物	1
いご	以後	1
かいてい	改訂	1
いしまる	石丸	1
とうてん	読点	1
きせき	奇跡	1
はなしことば	話し言葉	1
なにもの	何者	1
つくり	作り	1
ほうげん	方言	1
くむ	組む	1
たかまっ	高まっ	1
ていばん	定番	1
めぐっ	巡っ	1
ひょうりゅう	漂流	1
きびしく	厳しく	1
かんこう	刊行	1
かまた	蒲田	1
じゅんふどう	順不同	1
いき	生き	1
せいふく	制服	1
ぜんぶ	全部	1
み	身	1
ふく	副	1
けいかく	計画	1
こうがく	高額	1
しぼう	志望	1
あいつぎ	相次ぎ	1
たいしょ	対処	1
せいきゅう	性急	1
きい	聞い	1
きのした	木下	1
さゆう	左右	1
にっさん	日産	1
せいき	世紀	1
だいだんえん	大団円	1
じひょう	辞表	1
たからづかかげきだん	宝塚歌劇団	1
こうはん	広範	1
せんてい	選定	1
まとい	纏	1
そうし	壮士	1
かんき	喚起	1
かいだん	怪談	1
しょうてん	焦点	1
あつい	厚い	1
はあく	把握	1
けいいち	恵一	1
けいさつちょう	警察庁	1
こころみ	試み	1
ししゅつ	支出	1
すがお	素顔	1
ちゅうし	中止	1
じょうぶん	条文	1
きむら	木村	1
ちはる	千春	1
かりうけ	借り受け	1
あきひこ	彰彦	1
たたかえ	闘え	1
げんかい	限界	1
か	可	1
おかやま	岡山	1
とつぜん	突然	1
ふみ	芙美	1
しんちょう	身長	1
さんぎょう	産業	1
じょかんとく	助監督	1
あきらか	明らか	1
じゃじゃうま	じゃじゃ馬	1
みしらぬ	見知らぬ	1
たおれる	倒れる	1
わかむら	若村	1
しん	信	1
きり	切り	1
きょくしょう	極少	1
のぼる	上る	1
ぼくじょう	牧場	1
まん	万	1
ないぶ	内部	1
あらし	嵐	1
きょうだい	兄弟	1
はんしん	阪神	1
しめせる	示せる	1
だいち	大地	1
みこめる	見込める	1
すすむ	進む	1
しはい	支配	1
くま	組ま	1
じん	陣	1
よま	読ま	1
うかれ	受かれ	1
きゅうげき	急激	1
わかれる	分かれる	1
あき	秋	1
もりあがる	盛り上がる	1
さえこ	紗子	1
かげつ	か月	1
しょない	所内	1
かよこ	佳代子	1
こうえん	後援	1
いっしゅ	一種	1
もんか	門下	1
もた	持た	1
おぎなっ	補っ	1
くだる	下る	1
さかえ	栄	1
せりふ	科白	1
はん	半	1
だっちゃく	脱着	1
はじまり	始まり	1
のりだす	乗り出す	1
える	得る	1
べつに	別に	1
と	都	1
げっかん	月刊	1
じゅんたく	潤沢	1
しょうそく	消息	1
てなおし	手直し	1
きゅう	級	1
ねっしん	熱心	1
もちまわり	持ち回り	1
しざい	資材	1
かいたく	開拓	1
きてい	規定	1
ぶなん	無難	1
がくいん	学院	1
ちっ	散っ	1
あすか	飛鳥	1
みょう	妙	1
くだし	下し	1
きゅうさい	救済	1
ひらつか	平塚	1
ゆみこ	由美子	1
みぞはた	溝端	1
ばば	馬場	1
とりいれ	採り入れ	1
そう	層	1
けんじ	検事	1
きれい	綺麗	1
おおむね	概ね	1
わかもの	若者	1
たかめ	高め	1
りょうつ	両津	1
きくち	菊地	1
かざま	風間	1
いき	行き	1
しろい	白い	1
おおもの	大物	1
ゆうどう	誘導	1
ちゅう	駐	1
すどう	角藤	1
あとで	後で	1
きんしろう	金四郎	1
こうどう	行動	1
こうし	嚆矢	1
はさむ	挟む	1
すばらしい	素晴らしい	1
しゃくよう	借用	1
はっき	発揮	1
まなづる	真鶴	1
かみわざ	神業	1
きゅうしゅつ	救出	1
せんそう	戦争	1
しゅうにん	就任	1
むしゅく	無宿	1
なれ	慣れ	1
たぼう	多忙	1
ぞくする	属する	1
とうきょく	当局	1
しゅっぴん	出品	1
すな	砂	1
けんじ	賢二	1
よだ	依田	1
えいしゃ	映写	1
うつる	映る	1
まざる	交ざる	1
らん	蘭	1
みえる	見える	1
のり	則	1
ぶかい	部会	1
へらし	減らし	1
きょうこ	今日子	1
かくし	画し	1
とうち	倒置	1
いんぽん	院本	1
ぼっし	没し	1
しもき	下期	1
すいたい	衰退	1
うらぎり	裏切り	1
ししゃ	支社	1
みめい	未明	1
さとし	敏	1
たけしま	竹島	1
かこみ	囲み	1
むり	無理	1
さいばんかん	裁判官	1
けいれき	経歴	1
すむ	済む	1
まつび	末尾	1
みつもる	見積もる	1
れいか	玲花	1
きそっ	競っ	1
あんぜん	安全	1
ほうふつ	彷彿	1
しかい	司会	1
こつぜんと	忽然と	1
むしばま	蝕ま	1
ぶんけん	文献	1
たちあがっ	立ち上がっ	1
ばいすう	倍数	1
ごうどう	合同	1
みつしま	満島	1
うえの	上野	1
ため	為	1
くくっ	括っ	1
じょうせい	情勢	1
はつげん	発言	1
てきせつ	適切	1
はじめる	始める	1
さいぜんせん	最前線	1
くうらん	空欄	1
いと	意図	1
だいとうりょう	大統領	1
えいじゅう	永住	1
にしざき	西崎	1
とめる	留める	1
せいりつ	成立	1
て	手	1
びしょうじょ	美少女	1
みたさ	満たさ	1
かしょ	か所	1
ほっかいどう	北海道	1
かけもち	掛け持ち	1
じょうしき	常識	1
みもと	身元	1
さいとう	斉藤	1
でんとう	伝統	1
かんじん	肝心	1
ごい	語彙	1
ひの	日野	1
ぜんぺん	全編	1
ゆそう	輸送	1
らち	拉致	1
やつ	奴	1
とくひつ	特筆	1
おんげん	音源	1
めいぎ	名義	1
ひろめる	広める	1
まなぶ	學	1
しろくろ	白黒	1
きょうだい	強大	1
いくせい	育成	1
はやく	端役	1
つよ	強	1
ねらい	狙い	1
ぎむ	義務	1
がんそ	元祖	1
あし	脚	1
つかむ	掴む	1
りか	梨香	1
きょうき	狂喜	1
ひぐち	樋口	1
けんいち	憲一	1
さまし	覚まし	1
あき	亜紀	1
あいつい	相次い	1
うしろすがた	後ろ姿	1
きゅう	旧	1
ふざい	不在	1
かな	加奈	1
いこく	異国	1
ふじわら	藤原	1
どうれつ	同列	1
じゅん	純	1
どげざ	土下座	1
はいぶん	配分	1
りな	理奈	1
りろん	理論	1
かがやく	輝く	1
さだのり	定憲	1
そんぼう	存亡	1
たにぐち	谷口	1
ようする	要する	1
けいちょう	軽重	1
どうさつ	洞察	1
かたら	語ら	1
れっき	列記	1
くくり	括り	1
きり	霧	1
たいひてき	対比的	1
ばん	盤	1
のぼり	昇り	1
けんじ	謙二	1
はなし	話し	1
よく	翌	1
せんたく	選択	1
かっぱつ	活発	1
えんちょう	延長	1
かんしき	鑑識	1
すじがき	筋書き	1
こうじょう	向上	1
めいりょう	明瞭	1
かくしき	格式	1
せんばつ	選抜	1
かんがえかた	考え方	1
とおる	透	1
げつよう	月曜	1
ふじ	富士	1
きこえ	聞こえ	1
しゅう	集	1
とどけ	届け	1
なじみ	馴染み	1
うごかす	動かす	1
わくい	和久井	1
ほんすう	本数	1
はっけん	発見	1
ようしゃ	容赦	1
さべつ	差別	1
しょしゅつ	初出	1
きよはる	清春	1
さいこ	最古	1
せいじん	成人	1
であう	出会う	1
みち	未知	1
すがわら	菅原	1
せりふまわし	台詞回し	1
ちく	地区	1
まかせる	任せる	1
ねんねん	年々	1
だいすけ	大介	1
せいやく	制約	1
たてもの	建物	1
ただし	規	1
こうじえん	広辞苑	1
ぶらさがる	ぶら下がる	1
じゅうしゃ	従者	1
かたりて	語り手	1
もしくは	若しくは	1
た	多	1
きいん	起因	1
とお	遠	1
じょうぶ	上部	1
すむ	住む	1
さき	咲	1
くにぐに	国々	1
てつや	鉄矢	1
うち	内	1
しまだ	島田	1
かいぎ	会議	1
よ	世	1
ほうしゅう	報酬	1
ぶし	武士	1
ひきつれ	引き連れ	1
かずや	和也	1
ひびく	響く	1
おおて	大手	1
へる	減る	1
ふかめる	深める	1
あっ	合っ	1
げか	外科	1
よう	様	1
わかこ	和香子	1
よなが	世永	1
いちじょう	一場	1
は	覇	1
しゅうやく	集約	1
ようぎ	容疑	1
なりかわっ	成り代わっ	1
ちょ	著	1
くろべ	黒部	1
きしゅ	機種	1
なみだ	涙	1
うけおう	請け負う	1
とうかい	東海	1
ぜつぼう	絶望	1
たいへいよう	太平洋	1
ごらん	ご覧	1
あう	合う	1
なく	泣く	1
がしつ	画質	1
きんじ	禁じ	1
きわだた	際立た	1
てつこ	徹子	1
しんぽう	新報	1
しゆうち	私有地	1
ひらが	平賀	1
しんそう	真相	1
しゅうえき	収益	1
がくじゅつ	学術	1
かつあい	割愛	1
ちょうじかん	長時間	1
たけ	武	1
ちょう	丁	1
やくそく	約束	1
きびしい	厳しい	1
れいきゃく	冷却	1
とうな	東名	1
こえ	超え	1
はつわ	発話	1
ひこうしき	非公式	1
たずさわる	携わる	1
しゃよう	社用	1
すれちがい	すれ違い	1
あるていど	ある程度	1
しゅうけつ	終結	1
ねんぴょう	年表	1
じざい	自在	1
おおき	大き	1
はくしゃ	拍車	1
しゃりょう	車輌	1
むすぶ	結ぶ	1
わがや	わが家	1
にんきょう	任侠	1
もり	森	1
げきど	激怒	1
ついで	次いで	1
すいよう	水曜	1
さとし	智	1
いしゃ	医者	1
やじゅう	野獣	1
はしもと	橋本	1
しんぷ	神父	1
びじょとやじゅう	美女と野獣	1
にゅうこく	入国	1
やすん	休ん	1
うずまく	渦巻く	1
やぶら	破ら	1
ちからづよい	力強い	1
しょうかん	商館	1
きせき	奇蹟	1
ふうん	浮雲	1
こうぼう	攻防	1
とら	取ら	1
べん	弁	1
しょうぎょう	商業	1
とうろん	討論	1
きせい	既成	1
ようす	様子	1
がた	型	1
ちゃく	着	1
たいてい	大抵	1
りゅうい	留意	1
いっしん	一心	1
ぼたん	牡丹	1
このん	好ん	1
さんかく	参画	1
ちくおんき	蓄音機	1
てんしゃ	転写	1
たきだ	滝田	1
ちゅうおう	中央	1
おいつめ	追い詰め	1
あさじろう	浅二郎	1
あまい	甘い	1
せいよう	西洋	1
しんじょう	心情	1
ようほう	蓉峰	1
ひととおり	一通り	1
むし	無視	1
まぼろし	幻	1
つよく	強く	1
はんぱつ	反発	1
ます	増す	1
きみ	君	1
そうむ	総務	1
とっぱつ	突発	1
ふしん	不振	1
なかい	中井	1
のざわ	野沢	1
ざった	雑多	1
ほんもの	本物	1
じょじゅつ	叙述	1
ばくはつ	爆発	1
おわり	終	1
そうい	相違	1
すいい	推移	1
もず	百舌	1
かわきり	皮切り	1
さむらい	侍	1
ひはん	批判	1
おやこ	親子	1
おわらい	お笑い	1
けいき	契機	1
しんしゅつ	進出	1
ひき	匹	1
あくせんくとう	悪戦苦闘	1
むせい	無声	1
しんたい	身体	1
だいもん	大門	1
みやび	雅	1
たんしん	単身	1
かけ	掛け	1
ちんみょう	珍妙	1
よめ	読め	1
ようこう	洋行	1
こうわん	港湾	1
さいげん	再現	1
じょうとう	常套	1
あらかじめ	予め	1
うちの	内野	1
のぞけ	除け	1
びみょう	美妙	1
いちろう	一郎	1
いわお	巖	1
ほんしょく	本職	1
こやま	小山	1
ちょう	長	1
ひとまく	一幕	1
こんごう	混合	1
からふと	樺太	1
あきこ	晃子	1
かかえる	抱える	1
ひょうめい	表明	1
たさい	多才	1
やき	焼き	1
ちょうほう	重宝	1
こうそん	篁村	1
はかっ	図っ	1
くりはら	栗原	1
ぎねん	疑念	1
きょうか	京香	1
うけもつ	受け持つ	1
あさか	安積	1
じくう	時空	1
ほのめかす	仄めかす	1
そっき	速記	1
だいざい	題材	1
こうてい	工程	1
くぼた	久保田	1
なごや	名古屋	1
まやく	麻薬	1
のう	能	1
たいきょく	対極	1
たいじん	退陣	1
いちぶぶん	一部分	1
しゅうかんぶんしゅん	週刊文春	1
こじん	故人	1
かんぜい	関税	1
きょうふ	恐怖	1
えん	炎	1
きょうしゅう	教習	1
ねんせい	年生	1
ちほう	地方	1
やすい	易い	1
さいぶん	細分	1
はく	白	1
せだい	世代	1
かなこ	華奈子	1
ほう	報	1
じこ	事故	1
しんに	真に	1
ぎょうむ	業務	1
まくあい	幕間	1
いしもと	石本	1
さくじょ	削除	1
ごく	極	1
はいり	入り	1
おり	降り	1
こうさつ	考察	1
げいにん	芸人	1
じゅんばん	順番	1
しながわ	品川	1
しゅっさん	出産	1
ちゅうりつ	中立	1
ぎそう	偽装	1
あいぼう	相棒	1
わらえる	笑える	1
どうぎ	同義	1
まち	街	1
じょおう	女王	1
き	喜	1
たいよ	貸与	1
いっそう	一層	1
そうかん	創刊	1
のぞく	除く	1
がいこう	外交	1
うりこみ	売り込み	1
じじ	時事	1
おくさま	奥さま	1
こうだん	講談	1
そうご	相互	1
かみこ	紙子	1
でんわ	電話	1
じまえ	自前	1
すいばく	水爆	1
おきなわ	沖縄	1
ゆれ	揺れ	1
かつひこ	勝彦	1
きんし	禁止	1
にちじ	日時	1
たかの	高野	1
しさん	資産	1
ちじょう	地上	1
ゆうじん	友人	1
がっさく	合作	1
かわらばん	瓦版	1
さくしゃ	作者	1
はん	犯	1
りさ	里紗	1
しゅんさく	俊作	1
さかつめ	坂爪	1
たよう	多用	1
よかん	予感	1
よん	呼ん	1
かきこま	書き込ま	1
しんぶん	新聞	1
しかく	視覚	1
ふうび	風靡	1
きい	効い	1
ふかしぎ	不可思議	1
うける	受ける	1
いこん	遺恨	1
ちかく	近く	1
あな	孔	1
よう	葉	1
やよい	弥生	1
ふじい	藤井	1
うた	歌	1
ぎし	技師	1
かんこう	観光	1
ゆうじ	裕司	1
あさくら	浅倉	1
たたかっ	戦っ	1
とくせい	特性	1
かつみ	勝見	1
ひんど	頻度	1
こうてい	高低	1
いずみ	和泉	1
きょうどう	協同	1
わたす	渡す	1
じゅよう	受容	1
どくとく	独特	1
しゅうだん	集団	1
てんじ	展示	1
きづい	気付い	1
しょとう	初頭	1
よこく	予告	1
れんさい	連載	1
ぶつ	物	1
ぶらさがっ	ぶら下がっ	1
おとな	大人	1
なかがわ	中川	1
ぬけ	抜け	1
じたく	自宅	1
しゅっぱん	出版	1
いたる	至る	1
つらね	連ね	1
こうとう	江東	1
ゆたか	豊か	1
はな	華	1
そうほう	双方	1
しかく	資格	1
つばさ	翼	1
りゃくだつ	略奪	1
ほんしょ	本初	1
しつ	質	1
すぎ	過ぎ	1
こういち	浩市	1
いしょく	移植	1
しるさ	記さ	1
ささ	刺さ	1
とくさぶろう	徳三郎	1
すんぽう	寸法	1
たびだち	旅立ち	1
えんかつ	円滑	1
ゆるさ	許さ	1
るい	類	1
こうしょ	高所	1
かくれ	隠れ	1
しんとう	浸透	1
おがた	尾形	1
ぎいん	議員	1
かり	仮	1
かきこむ	書き込む	1
おんりょう	音量	1
かいぜん	改善	1
び	美	1
こうみょう	光明	1
じんぞう	腎臓	1
きょうきゅう	供給	1
ぜんき	前期	1
みせ	見せ	1
かんがえださ	考え出さ	1
げきだんしき	劇団四季	1
そうこ	倉庫	1
たいらのきよもり	平清盛	1
だきあわせ	抱き合わせ	1
のる	乗る	1
かば	蒲	1
りんじょう	輪状	1
うみ	海	1
かいぞうど	解像度	1
あまみ	天海	1
かつひろ	克洋	1
ゆか	有加	1
とない	都内	1
きゅうがた	旧型	1
えり	絵梨	1
げんち	現地	1
しじょう	至上	1
ぶんかちょう	文化庁	1
おぎの	荻野	1
つきつけ	突き付け	1
こうりゅう	交流	1
ともかず	友一	1
ほのお	炎	1
はん	反	1
けんとう	検討	1
ししん	指針	1
いち	位置	1
じかい	次回	1
おんぎょく	音曲	1
かたちづくっ	形作っ	1
といあわせ	問い合わせ	1
だいぜんてい	大前提	1
ほうが	邦画	1
ぎょう	業	1
とらえ	捉え	1
しょう	称	1
かわら	変わら	1
しょうじゅん	昇順	1
かめんらいだー	仮面ライダー	1
たえ	多恵	1
じゅくれん	熟練	1
よろこび	喜び	1
てがけ	手がけ	1
やくめ	役目	1
しゅうい	周囲	1
しょくにん	職人	1
あきら	明	1
ついきゅう	追求	1
おわる	終る	1
しょうめん	正面	1
きこえる	聞こえる	1
しんぽ	進歩	1
やきゅう	野球	1
ようほう	用法	1
ひゃっか	百科	1
おこし	起こし	1
しょうすう	小数	1
せいしつ	声質	1
れな	玲奈	1
ぼっこう	勃興	1
すごし	過ごし	1
じょうせつ	常設	1
ゆりか	由利香	1
もり	守	1
せいてき	性的	1
じせん	自薦	1
つうしょう	通称	1
まさよ	真代	1
ぶんだん	文壇	1
けいい	敬意	1
わたし	私	1
けんさん	研鑽	1
ゆうじ	裕二	1
くらもと	倉本	1
かなこ	香奈子	1
そういちろう	総一郎	1
ほんい	本意	1
はっし	発し	1
ふえる	増える	1
つかお	使お	1
うちがわ	内側	1
くろ	黒	1
たじま	田嶋	1
よこた	横田	1
きょう	教	1
じゅつ	術	1
しょうてん	商店	1
まつだ	松田	1
ふじさわ	藤沢	1
きたい	期待	1
いまや	今や	1
しゅちょう	主張	1
いっせい	一世	1
せいしゅん	青春	1
しゅうかん	収監	1
きずな	絆	1
かい	海	1
むおん	無音	1
けっか	結果	1
うんよう	運用	1
ちゅうとはんぱ	中途半端	1
ふしょう	不詳	1
こうそう	構想	1
はむら	羽村	1
のっ	載っ	1
やすゆき	泰之	1
ひかえ	控え	1
たよう	多様	1
まっしろ	真っ白	1
かいせい	改正	1
ほうじ	報じ	1
なづけ	名付け	1
になう	担う	1
たろう	太郎	1
かこむ	囲む	1
わかやなぎ	若柳	1
くろさき	黒崎	1
じゅうこう	重厚	1
しんがく	神学	1
おがた	緒形	1
ごうがい	号外	1
とびおり	飛び降り	1
だいしんさい	大震災	1
そうふう	送風	1
こちょう	誇張	1
さんけん	散見	1
ちゅうきんとう	中近東	1
たちばな	橘	1
かたっ	語っ	1
てんいん	店員	1
わかて	若手	1
みぞぐち	溝口	1
したまち	下町	1
かいへん	改編	1
いちめい	一命	1
めがみ	女神	1
れっしゃ	列車	1
だい	代	1
こうじょう	工場	1
すり	剃り	1
ひてい	否定	1
えり	恵理	1
いえ	言え	1
はさまる	挟まる	1
えんもく	演目	1
はくぶつかん	博物館	1
ばんめ	番目	1
るい	瑠衣	1
かんけつ	簡潔	1
ぶんめいかいか	文明開化	1
ようたろう	庸太郎	1
まなぶ	学ぶ	1
あおじゃしん	青写真	1
しょうこうぐん	症候群	1
みか	美佳	1
つねみ	恒美	1
くっさく	掘削	1
せんせい	先生	1
じゅうてん	重点	1
みょうじ	名字	1
こせい	個性	1
うつし	写し	1
ゆき	由記	1
しばやま	芝山	1
はくしょ	白書	1
ふかみ	深み	1
そうしき	葬式	1
いぞん	依存	1
ゆびわ	指輪	1
かつげき	活劇	1
ひとたち	人達	1
げん	源	1
ほうこう	方向	1
しゃ	謝	1
こうぞく	後続	1
たいせつ	大切	1
ふつごう	不都合	1
とくしま	徳島	1
けいげん	軽減	1
こむろ	小室	1
みぎかた	右肩	1
ちめい	地名	1
ふうさ	封鎖	1
めいきょく	名曲	1
げきへん	激変	1
ようこ	容子	1
とっこう	特攻	1
かんがえる	考える	1
おおさわ	大沢	1
むすば	結ば	1
ばくは	爆破	1
たおさ	倒さ	1
ちゅうかく	中核	1
かがわ	香川	1
きみつ	機密	1
つなげ	繋げ	1
こうねん	後年	1
きょうがく	共学	1
あんぴ	安否	1
ゆさ	遊佐	1
へいじつ	平日	1
びぶん	美文	1
ききとり	聞き取り	1
しつない	室内	1
きょよう	許容	1
しょう	翔	1
はらん	波乱	1
ぎょうれつ	行列	1
らくご	落語	1
あいこう	愛好	1
ほんみょう	本名	1
たてる	立てる	1
かい	佳以	1
ちひろ	千尋	1
いちやく	一躍	1
わるい	悪い	1
ちゅうもん	中門	1
つなわたり	綱渡り	1
あいて	相手	1
しんこく	深刻	1
どう	道	1
あぶなく	危なく	1
ながねん	長年	1
せいこう	成功	1
もおか	真岡	1
ふたつ	二つ	1
しょうひん	商品	1
しちよう	七曜	1
きぞう	寄贈	1
しょかい	初回	1
ほんあん	翻案	1
ひきげき	悲喜劇	1
こむら	小村	1
おおさかがす	大阪ガス	1
へんそく	変則	1
しゅうふく	修復	1
くわわり	加わり	1
うめこま	埋め込ま	1
とおい	遠い	1
そうだい	壮大	1
いん	院	1
たえこ	妙子	1
へんかん	変換	1
こうにん	公認	1
どうぐ	道具	1
へいせつ	併設	1
とびかう	飛び交う	1
ないしん	内心	1
はっす	発す	1
つめこむ	詰め込む	1
まんだん	漫談	1
とじょう	途上	1
えつらん	閲覧	1
かた	型	1
おおさわ	大澤	1
ふめんぼく	不面目	1
かおだち	顔立ち	1
めいれい	命令	1
とりざた	取りざた	1
れいねん	例年	1
じゅん	淳	1
じさ	時差	1
ねりあげ	練り上げ	1
まんたろう	万太郎	1
さだんじ	左團次	1
じづめ	字詰め	1
がいらい	外来	1
よくばっ	欲張っ	1
せいじ	政治	1
ちゅうもく	注目	1
りょう	両	1
ぜんねん	前年	1
りゅうせい	流星	1
しゅうとく	習得	1
かいじん	怪人	1
おおいし	大石	1
いいだ	飯田	1
ひとあじ	一味	1
とうきゅう	東急	1
まりこ	真理子	1
じつげん	実現	1
ろくが	録画	1
やろう	野郎	1
そそい	注い	1
わるけれ	悪けれ	1
かん	勘	1
ひんし	瀕死	1
しず	静	1
たかぎ	高木	1
なごやてれびほうそう	名古屋テレビ放送	1
したしみ	親しみ	1
しじ	支持	1
まえぶれ	前触れ	1
たんじょう	誕生	1
じんいん	人員	1
やがい	野外	1
けいむしょ	刑務所	1
ぜんしゃ	前者	1
あんじん	按針	1
ほんぎょう	本業	1
いちどく	一読	1
おり	織り	1
しはん	市販	1
いしばし	石橋	1
てつづき	手続き	1
あかげ	赤毛	1
たいら	平	1
とうさい	搭載	1
げんが	原画	1
おおつか	大塚	1
かがく	科学	1
たいよう	太陽	1
えんき	延期	1
きゅうきょ	急遽	1
たんなる	単なる	1
もりあがり	盛り上がり	1
ぎりがた	義理堅	1
がわり	替わり	1
はんのう	反応	1
たび	旅	1
たせん	他薦	1
ひどく	酷く	1
とてい	徒弟	1
なのる	名乗る	1
のりこえ	乗り越え	1
こうれい	高齢	1
げんしゅつ	現出	1
だんせい	男性	1
けいざい	経済	1
あんず	杏	1
ふっき	復帰	1
ささい	些細	1
しゅうし	修士	1
みる	観る	1
さきがけ	先駆け	1
わせだだいがく	早稲田大学	1
うつみ	内海	1
じゅんさ	巡査	1
せつ	説	1
たいいん	隊員	1
ともに	共に	1
しょせい	書生	1
