REVIEW	あいしあった	愛し会った	/愛し合った/
REVIEW	あいしあったら	愛しあったら	/愛し合ったら/
REVIEW	あいて	愛て	/空いて/明いて/
REVIEW	あいました	愛ました	/合いました/会いました/
REVIEW	あいます	愛ます	/合います/会います/
REVIEW	あえ	阿江	/合え/会え/
REVIEW	あおいだ	青いだ	/仰いだ/扇いだ/
REVIEW	あおがなかった	青がなかった	/仰がなかった/
REVIEW	あおじろみました	青白見ました	/青白みました/
REVIEW	あおじろみます	青白見ます	/青白みます/
REVIEW	あかない	赤ない	/空かない/明かない/
REVIEW	あかなかった	赤なかった	/空かなかった/明かなかった/
REVIEW	あがこう	あが抗	/足掻こう/
REVIEW	あける	開ける	/空ける/明ける/
REVIEW	あこう	赤穂	/空こう/明こう/
REVIEW	あずかりしった	与り叱咤	/与り知った/
REVIEW	あせくさく	汗句作	/汗臭く/
REVIEW	あせくさくない	汗句作ない	/汗臭くない/
REVIEW	あせくさくなかった	汗句作なかった	/汗臭くなかった/
REVIEW	あたえ	与え	/能え/
REVIEW	あたえば	与えば	/能えば/
REVIEW	あたためあえ	温め和え	/温め合え/
REVIEW	あたった	当たった	/能った/
REVIEW	あたったら	当たったら	/能ったら/
REVIEW	あたって	当たって	/能って/
REVIEW	あまくだった	甘くだった	/天下った/
REVIEW	あまくだったら	甘くだったら	/天下ったら/
REVIEW	あまくだって	甘くだって	/天下って/
REVIEW	あまくだれ	甘く誰	/天下れ/
REVIEW	あまくだろう	甘くだろう	/天下ろう/
REVIEW	あまさない	甘さない	/余さない/
REVIEW	あまさなかった	甘さなかった	/余さなかった/
REVIEW	あめ	雨	/編め/
REVIEW	あらいなおさない	粗い直さない	/洗い直さない/
REVIEW	あらいなおさなかった	粗い直さなかった	/洗い直さなかった/
REVIEW	あらいなおした	粗い直した	/洗い直した/
REVIEW	あらいなおしたら	粗い直したら	/洗い直したら/
REVIEW	あらいなおして	粗い直して	/洗い直して/
REVIEW	あらいなおしました	粗い直しました	/洗い直しました/
REVIEW	あらいなおします	粗い直します	/洗い直します/
REVIEW	あらいなおせ	粗い直せ	/洗い直せ/
REVIEW	あらいなおせば	粗い直せば	/洗い直せば/
REVIEW	あらわなかった	露わなかった	/洗わなかった/
REVIEW	あるこう	有る抗	/歩こう/
REVIEW	あわだった	泡だった	/泡立った/粟立った/
REVIEW	あんだ	安打	/編んだ/
REVIEW	あんだら	案だら	/編んだら/
REVIEW	いいあるきました	いい歩きました	/言い歩きました/
REVIEW	いいあるきます	いい歩きます	/言い歩きます/
REVIEW	いいあるけ	いい歩け	/言い歩け/
REVIEW	いいあるけば	いい歩けば	/言い歩けば/
REVIEW	いいおくった	いい送った	/言い送った/
REVIEW	いいおくったら	いい送ったら	/言い送ったら/
REVIEW	いいおくって	言い置くって	/言い送って/
REVIEW	いいおくらない	いい贈らない	/言い送らない/
REVIEW	いいおくらなかった	いい贈らなかった	/言い送らなかった/
REVIEW	いいおよびます	いい及びます	/言い及びます/
REVIEW	いいしぶった	いい渋った	/言い渋った/
REVIEW	いいしぶったら	いい渋ったら	/言い渋ったら/
REVIEW	いいしぶって	いい渋って	/言い渋って/
REVIEW	いいしぶりました	いい渋りました	/言い渋りました/
REVIEW	いいしぶります	いい渋ります	/言い渋ります/
REVIEW	いいしぶれば	いい渋れば	/言い渋れば/
REVIEW	いいしぶろう	いい渋ろう	/言い渋ろう/
REVIEW	いいたれ	いい垂れ	/言い足れ/
REVIEW	いいたれば	いい垂れば	/言い足れば/
REVIEW	いいたろう	いい太郎	/言い足ろう/
REVIEW	いいついだ	いい付いだ	/言い継いだ/
REVIEW	いいついで	いい序で	/言い継いで/
REVIEW	いいつぎました	いい次ました	/言い継ぎました/
REVIEW	いいつぎます	いい次ます	/言い継ぎます/
REVIEW	いいつげ	いい柘植	/言い継げ/
REVIEW	いいつごう	いい都合	/言い継ごう/
REVIEW	いいひらかない	いい開かない	/言い開かない/
REVIEW	いいひらかなかった	いい開かなかった	/言い開かなかった/
REVIEW	いいひらけば	いい開けば	/言い開けば/
REVIEW	いいまわせ	いい回せ	/言い回せ/
REVIEW	いいまわせば	いい回せば	/言い回せば/
REVIEW	いえた	家た	/癒えた/
REVIEW	いえたら	家たら	/癒えたら/
REVIEW	いえて	家て	/癒えて/
REVIEW	いえない	家ない	/癒えない/
REVIEW	いえなかった	家なかった	/癒えなかった/
REVIEW	いえました	家ました	/癒えました/
REVIEW	いえます	家ます	/癒えます/
REVIEW	いえよう	言えよう	/癒えよう/
REVIEW	いえれば	言えれば	/癒えれば/
REVIEW	いえろ	言えろ	/癒えろ/
REVIEW	いかない	以下ない	/行かない/逝かない/
REVIEW	いかなかった	以下なかった	/行かなかった/逝かなかった/
REVIEW	いきあったら	域あったら	/行き合ったら/
REVIEW	いきいそがない	域急がない	/生き急がない/
REVIEW	いきいそぎました	域急ぎました	/生き急ぎました/
REVIEW	いきいそぎます	域急ぎます	/生き急ぎます/
REVIEW	いきいそげ	域急げ	/生き急げ/
REVIEW	いきいそげば	域急げば	/生き急げば/
REVIEW	いきいそごう	域急ごう	/生き急ごう/
REVIEW	いきせかない	域せかない	/息急かない/
REVIEW	いきせけ	域せけ	/息急け/
REVIEW	いきせけば	域咳けば	/息急けば/
REVIEW	いきせこう	域せ抗	/息急こう/
REVIEW	いきつけ	行き付け	/行き着け/
REVIEW	いきなやまない	域悩まない	/行き悩まない/
REVIEW	いきなやまなかった	域悩まなかった	/行き悩まなかった/
REVIEW	いきなやみました	域悩みました	/行き悩みました/
REVIEW	いきなやみます	域悩みます	/行き悩みます/
REVIEW	いきなやめば	域悩めば	/行き悩めば/
REVIEW	いきなやもう	域なや網	/行き悩もう/
REVIEW	いきなやんだ	域悩んだ	/行き悩んだ/
REVIEW	いきなやんだら	域悩んだら	/行き悩んだら/
REVIEW	いきなやんで	域悩んで	/行き悩んで/
REVIEW	いきました	域ました	/行きました/逝きました/
REVIEW	いきます	域ます	/行きます/逝きます/
REVIEW	いきもう	域網	/息もう/
REVIEW	いこう	以降	/行こう/逝こう/
REVIEW	いこった	行こった	/憩った/
REVIEW	いこったら	行こったら	/憩ったら/
REVIEW	いこって	行こって	/憩って/
REVIEW	いこもう	行こ網	/鋳込もう/射込もう/
REVIEW	いこんだ	行こんだ	/鋳込んだ/射込んだ/
REVIEW	いこんだら	行こんだら	/鋳込んだら/射込んだら/
REVIEW	いこんで	行こんで	/鋳込んで/射込んで/
REVIEW	いさかおう	井坂王	/諍おう/
REVIEW	いさかった	井坂った	/諍った/
REVIEW	いさかったら	井坂ったら	/諍ったら/
REVIEW	いさかって	井坂って	/諍って/
REVIEW	いさかわなかった	異差皮なかった	/諍わなかった/
REVIEW	いさめ	諫め	/勇め/
REVIEW	いそがなかった	磯がなかった	/急がなかった/
REVIEW	いたく	委託	/痛く/
REVIEW	いたくない	委託ない	/痛くない/
REVIEW	いたくなかった	委託なかった	/痛くなかった/
REVIEW	いため	炒め	/悼め/
REVIEW	いためる	炒める	/痛める/
REVIEW	いたんだ	傷んだ	/痛んだ/悼んだ/
REVIEW	いのこれ	いの此れ	/居残れ/
REVIEW	いぶせ	井伏	/燻せ/
REVIEW	いまない	今ない	/忌まない/
REVIEW	いまなかった	今なかった	/忌まなかった/
REVIEW	いめ	夢	/忌め/
REVIEW	いやさなかった	嫌差なかった	/癒さなかった/
REVIEW	いやして	癒し手	/癒して/
REVIEW	いやました	嫌ました	/弥増した/
REVIEW	いやませ	嫌ませ	/弥増せ/
REVIEW	いらいます	以来ます	/弄います/
REVIEW	いれこんで	入れ紺で	/入れ込んで/
REVIEW	いろよかった	色良かった	/色好かった/
REVIEW	いろよく	色翌	/色好く/
REVIEW	いろよくない	色翌ない	/色好くない/
REVIEW	いろよくなかった	色翌なかった	/色好くなかった/
REVIEW	いろよければ	色良ければ	/色好ければ/
REVIEW	いわばしった	岩場叱咤	/石走った/
REVIEW	いわばしったら	岩場知ったら	/石走ったら/
REVIEW	いわばしって	岩場知って	/石走って/
REVIEW	いわばしらない	岩場知らない	/石走らない/
REVIEW	いわばしらなかった	岩場知らなかった	/石走らなかった/
REVIEW	いわばしりました	岩場知りました	/石走りました/
REVIEW	いわばしります	岩場知ります	/石走ります/
REVIEW	いわばしれ	岩場知れ	/石走れ/
REVIEW	いわばしれば	岩場知れば	/石走れば/
REVIEW	いわばしろう	岩場白う	/石走ろう/
REVIEW	いんだ	員だ	/忌んだ/
REVIEW	いんだら	員だら	/忌んだら/
REVIEW	うかがいしった	伺い叱咤	/窺い知った/
REVIEW	うかがいしったら	伺い知ったら	/窺い知ったら/
REVIEW	うかがいしって	伺い知って	/窺い知って/
REVIEW	うかがいしらない	伺い知らない	/窺い知らない/
REVIEW	うかがいしらなかった	伺い知らなかった	/窺い知らなかった/
REVIEW	うかがいしりました	伺い知りました	/窺い知りました/
REVIEW	うかがいしります	伺い知ります	/窺い知ります/
REVIEW	うかがいしろう	伺い白う	/窺い知ろう/
REVIEW	うけ	受け	/浮け/
REVIEW	うけがおう	受けが王	/肯おう/
REVIEW	うけがわない	受け側ない	/肯わない/
REVIEW	うけがわなかった	受け側なかった	/肯わなかった/
REVIEW	うけば	受けば	/浮けば/
REVIEW	うこう	宇高	/浮こう/
REVIEW	うたない	歌ない	/打たない/
REVIEW	うたなかった	歌なかった	/打たなかった/
REVIEW	うちあいました	撃ち合いました	/打ち合いました/
REVIEW	うちあいます	撃ち合います	/打ち合います/
REVIEW	うちあえば	内会えば	/打ち合えば/
REVIEW	うちあおう	内合おう	/打ち合おう/
REVIEW	うちあった	内会った	/打ち合った/
REVIEW	うちあったら	内あったら	/打ち合ったら/
REVIEW	うちあって	内あって	/打ち合って/
REVIEW	うちかかない	内書かない	/打ち欠かない/
REVIEW	うちかかなかった	内書かなかった	/打ち欠かなかった/
REVIEW	うちかけ	打ち掛け	/打ち欠け/
REVIEW	うちかけば	打ち掛けば	/打ち欠けば/
REVIEW	うちかこう	内か抗	/打ち欠こう/
REVIEW	うちかって	内かって	/打ち勝って/
REVIEW	うちくずさない	内崩さない	/打ち崩さない/
REVIEW	うちくずさなかった	内崩さなかった	/打ち崩さなかった/
REVIEW	うちくずした	内崩した	/打ち崩した/
REVIEW	うちくずしたら	内崩したら	/打ち崩したら/
REVIEW	うちくずして	内崩して	/打ち崩して/
REVIEW	うちくずしました	内崩しました	/打ち崩しました/
REVIEW	うちくずします	内崩します	/打ち崩します/
REVIEW	うちくずせ	内崩せ	/打ち崩せ/
REVIEW	うちくずせば	内崩せば	/打ち崩せば/
REVIEW	うちくずそう	内崩そう	/打ち崩そう/
REVIEW	うちさわがない	内騒がない	/打ち騒がない/
REVIEW	うちさわがなかった	内騒がなかった	/打ち騒がなかった/
REVIEW	うちさわぎました	内騒ぎました	/打ち騒ぎました/
REVIEW	うちさわぎます	内騒ぎます	/打ち騒ぎます/
REVIEW	うちさわげ	内騒げ	/打ち騒げ/
REVIEW	うちさわげば	内騒げば	/打ち騒げば/
REVIEW	うちさわごう	内騒ごう	/打ち騒ごう/
REVIEW	うちなった	内成った	/打ち鳴った/
REVIEW	うちなったら	内なったら	/打ち鳴ったら/
REVIEW	うちなって	内なって	/打ち鳴って/
REVIEW	うちならない	内ならない	/打ち鳴らない/
REVIEW	うちならなかった	内ならなかった	/打ち鳴らなかった/
REVIEW	うちなりました	内なりました	/打ち鳴りました/
REVIEW	うちなります	内なります	/打ち鳴ります/
REVIEW	うちなれ	内慣れ	/打ち鳴れ/
REVIEW	うちなれば	内なれば	/打ち鳴れば/
REVIEW	うちなろう	内なろう	/打ち鳴ろう/
REVIEW	うちひしがない	内拉がない	/打ち拉がない/
REVIEW	うちひしぎました	内拉ぎました	/打ち拉ぎました/
REVIEW	うちひしぎます	内拉ぎます	/打ち拉ぎます/
REVIEW	うちひしげ	内拉げ	/打ち拉げ/
REVIEW	うちひしげば	内拉げば	/打ち拉げば/
REVIEW	うちひしごう	内拉ごう	/打ち拉ごう/
REVIEW	うちふった	内降った	/打ち振った/
REVIEW	うちふったら	内振ったら	/打ち振ったら/
REVIEW	うちふって	内振って	/打ち振って/
REVIEW	うちふらない	内振らない	/打ち振らない/
REVIEW	うちふらなかった	内振らなかった	/打ち振らなかった/
REVIEW	うちふりました	内振りました	/打ち振りました/
REVIEW	うちふります	内振ります	/打ち振ります/
REVIEW	うちふれ	内触れ	/打ち振れ/
REVIEW	うちふれば	内振れば	/打ち振れば/
REVIEW	うちました	内ました	/打ちました/
REVIEW	うちます	内ます	/打ちます/
REVIEW	うつしこまない	移し込まない	/写し込まない/
REVIEW	うつしこまなかった	移し込まなかった	/写し込まなかった/
REVIEW	うつしこみました	移し込みました	/写し込みました/
REVIEW	うつしこみます	移し込みます	/写し込みます/
REVIEW	うつしこめ	移し込め	/写し込め/
REVIEW	うつしこめば	移し込めば	/写し込めば/
REVIEW	うつしこもう	移し込もう	/写し込もう/
REVIEW	うつしこんだら	移し込んだら	/写し込んだら/
REVIEW	うつしこんで	移し紺で	/写し込んで/
REVIEW	うつりこめ	移り込め	/映り込め/
REVIEW	うつりゆかない	移りゆかない	/移り行かない/
REVIEW	うつりゆかなかった	移りゆかなかった	/移り行かなかった/
REVIEW	うつりゆきました	移りゆきました	/移り行きました/
REVIEW	うつりゆきます	移りゆきます	/移り行きます/
REVIEW	うつりゆけ	移りゆけ	/移り行け/
REVIEW	うつりゆけば	移りゆけば	/移り行けば/
REVIEW	うつりゆこう	移りゆこう	/移り行こう/
REVIEW	うつろう	移ろう	/写ろう/
REVIEW	うて	右手	/打て/
REVIEW	うとう	疎う	/打とう/
REVIEW	うばいあえ	奪い和え	/奪い合え/
REVIEW	うまれそだった	生まれ素だった	/生まれ育った/
REVIEW	うまれもて	生まれもて	/生まれ持て/
REVIEW	うまれもとう	生まれもとう	/生まれ持とう/
REVIEW	うめ	梅	/生め/膿め/績め/
REVIEW	うもう	羽毛	/生もう/膿もう/績もう/
REVIEW	うらない	占い	/売らない/
REVIEW	うらなかった	裏なかった	/売らなかった/
REVIEW	うらもう	裏網	/恨もう/
REVIEW	うらわかかった	裏若かった	/うら若かった/
REVIEW	うらわかく	裏若く	/うら若く/
REVIEW	うらわかくない	裏若くない	/うら若くない/
REVIEW	うらわかくなかった	裏若くなかった	/うら若くなかった/
REVIEW	うらわかければ	裏若ければ	/うら若ければ/
REVIEW	うらんで	裏んで	/恨んで/
REVIEW	うりあるきました	瓜歩きました	/売り歩きました/
REVIEW	うりあるきます	瓜歩きます	/売り歩きます/
REVIEW	うりあるけば	瓜歩けば	/売り歩けば/
REVIEW	うりこさない	瓜越さない	/売り越さない/
REVIEW	うりこした	瓜漉した	/売り越した/
REVIEW	うりこしたら	瓜漉したら	/売り越したら/
REVIEW	うりこして	瓜漉して	/売り越して/
REVIEW	うりこしました	瓜漉しました	/売り越しました/
REVIEW	うりこします	瓜漉します	/売り越します/
REVIEW	うりこせ	瓜漉せ	/売り越せ/
REVIEW	うりこせば	瓜漉せば	/売り越せば/
REVIEW	うりしぶった	瓜渋った	/売り渋った/
REVIEW	うりしぶったら	瓜渋ったら	/売り渋ったら/
REVIEW	うりしぶって	瓜渋って	/売り渋って/
REVIEW	うりしぶらない	瓜渋らない	/売り渋らない/
REVIEW	うりしぶらなかった	瓜渋らなかった	/売り渋らなかった/
REVIEW	うりしぶりました	瓜渋りました	/売り渋りました/
REVIEW	うりしぶります	瓜渋ります	/売り渋ります/
REVIEW	うりしぶれば	瓜渋れば	/売り渋れば/
REVIEW	うりしぶろう	瓜渋ろう	/売り渋ろう/
REVIEW	うるめ	潤目	/潤め/
REVIEW	うろう	傴僂	/売ろう/
REVIEW	うんだら	運だら	/生んだら/膿んだら/績んだら/
REVIEW	えめ	得め	/笑め/
REVIEW	えらなかった	偉なかった	/選らなかった/
REVIEW	えらべ	偉べ	/選べ/
REVIEW	えれ	得れ	/選れ/
REVIEW	えれば	得れば	/選れば/
REVIEW	えろければ	得ろければ	/エロければ/
REVIEW	えんだ	遠田	/笑んだ/
REVIEW	おいたって	置いたって	/生い立って/
REVIEW	おいたて	置いたて	/生い立て/
REVIEW	おいたとう	置いた等	/生い立とう/
REVIEW	おいます	置います	/負います/追います/
REVIEW	おいやろう	置い野郎	/追い遣ろう/
REVIEW	おえ	小江	/負え/追え/
REVIEW	おおう	覆う	/負おう/追おう/
REVIEW	おかせ	置かせ	/犯せ/
REVIEW	おきました	起きました	/置きました/於きました/
REVIEW	おきます	起きます	/置きます/於きます/
REVIEW	おくりたおさない	贈り倒さない	/送り倒さない/
REVIEW	おくりたおさなかった	贈り倒さなかった	/送り倒さなかった/
REVIEW	おくりたおせ	贈り倒せ	/送り倒せ/
REVIEW	おくりたおせば	贈り倒せば	/送り倒せば/
REVIEW	おくりたおそう	贈り倒そう	/送り倒そう/
REVIEW	おくれ	遅れ	/送れ/贈れ/
REVIEW	おけ	桶	/置け/
REVIEW	おこう	お香	/置こう/於こう/
REVIEW	おこった	起こった	/怒った/
REVIEW	おこったら	起こったら	/怒ったら/
REVIEW	おこって	起こって	/怒って/
REVIEW	おこらない	起こらない	/怒らない/
REVIEW	おこらなかった	起こらなかった	/怒らなかった/
REVIEW	おこれば	起これば	/怒れば/
REVIEW	おころう	起ころう	/怒ろう/
REVIEW	おさない	幼い	/押さない/
REVIEW	おしあった	惜し会った	/押し合った/
REVIEW	おしあったら	惜しあったら	/押し合ったら/
REVIEW	おしあって	惜しあって	/押し合って/
REVIEW	おしいだけ	惜しいだけ	/押し抱け/
REVIEW	おしいだけば	惜しいだけば	/押し抱けば/
REVIEW	おしいだこう	惜しいだ抗	/押し抱こう/
REVIEW	おしいって	惜しいって	/押し入って/
REVIEW	おしえこめ	押絵込め	/教え込め/
REVIEW	おしえこもう	押絵こもう	/教え込もう/
REVIEW	おしすすまない	惜し進まない	/押し進まない/
REVIEW	おしすすまなかった	惜し進まなかった	/押し進まなかった/
REVIEW	おしすすんだ	惜し進んだ	/押し進んだ/
REVIEW	おしすすんだら	惜し進んだら	/押し進んだら/
REVIEW	おしすすんで	惜し進んで	/押し進んで/
REVIEW	おして	押手	/押して/
REVIEW	おしやぶった	惜し破った	/押し破った/
REVIEW	おしやぶったら	惜し破ったら	/押し破ったら/
REVIEW	おしやぶって	惜し破って	/押し破って/
REVIEW	おしやぶらない	惜し破らない	/押し破らない/
REVIEW	おしやぶらなかった	惜し破らなかった	/押し破らなかった/
REVIEW	おしやぶりました	惜し破りました	/押し破りました/
REVIEW	おしやぶります	惜し破ります	/押し破ります/
REVIEW	おしやぶれ	惜し破れ	/押し破れ/
REVIEW	おしやぶれば	惜し破れば	/押し破れば/
REVIEW	おしやぶろう	惜し破ろう	/押し破ろう/
REVIEW	おせ	尾瀬	/押せ/
REVIEW	おそう	襲う	/押そう/
REVIEW	おちなかった	越智なかった	/落ちなかった/
REVIEW	おって	追手	/負って/追って/折って/織って/
REVIEW	おとこくさく	男句作	/男臭く/
REVIEW	おとこくさくない	男句作ない	/男臭くない/
REVIEW	おとこくさくなかった	男句作なかった	/男臭くなかった/
REVIEW	おどりこまない	躍り込まない	/踊り込まない/
REVIEW	おどりこまなかった	躍り込まなかった	/踊り込まなかった/
REVIEW	おどりこみました	躍り込みました	/踊り込みました/
REVIEW	おどりこみます	躍り込みます	/踊り込みます/
REVIEW	おどりこめ	躍り込め	/踊り込め/
REVIEW	おどりこめば	躍り込めば	/踊り込めば/
REVIEW	おどりこもう	躍り込もう	/踊り込もう/
REVIEW	おどりこんだ	躍り込んだ	/踊り込んだ/
REVIEW	おどりこんだら	躍り込んだら	/踊り込んだら/
REVIEW	おどりこんで	躍り込んで	/踊り込んで/
REVIEW	おどれ	己	/踊れ/
REVIEW	おもいいたったら	重い至ったら	/思い至ったら/
REVIEW	おもいいたらない	重い至らない	/思い至らない/
REVIEW	おもいいたらなかった	重い至らなかった	/思い至らなかった/
REVIEW	おもいいたりました	重い至りました	/思い至りました/
REVIEW	おもいいたります	重い至ります	/思い至ります/
REVIEW	おもいいたれば	重い至れば	/思い至れば/
REVIEW	おもいいった	思い行った	/思い入った/
REVIEW	おもいいったら	重い言ったら	/思い入ったら/
REVIEW	おもいいって	思い行って	/思い入って/
REVIEW	おもいいらない	重い要らない	/思い入らない/
REVIEW	おもいいらなかった	重い要らなかった	/思い入らなかった/
REVIEW	おもいいろう	重い要ろう	/思い入ろう/
REVIEW	おもいめぐった	重い巡った	/思い巡った/
REVIEW	おもいめぐったら	重い巡ったら	/思い巡ったら/
REVIEW	おもいめぐって	重い巡って	/思い巡って/
REVIEW	おもいめぐらない	重い巡らない	/思い巡らない/
REVIEW	おもいめぐらなかった	重い巡らなかった	/思い巡らなかった/
REVIEW	おもいめぐりました	重い巡りました	/思い巡りました/
REVIEW	おもいめぐります	重い巡ります	/思い巡ります/
REVIEW	おもいめぐれば	重い巡れば	/思い巡れば/
REVIEW	おもいめぐろう	重い巡ろう	/思い巡ろう/
REVIEW	おもだったら	主だったら	/主立ったら/
REVIEW	おりあったら	檻あったら	/折り合ったら/
REVIEW	おりいった	檻行った	/折り入った/
REVIEW	おりいったら	檻言ったら	/折り入ったら/
REVIEW	おりいらない	檻要らない	/折り入らない/
REVIEW	おりいらなかった	檻要らなかった	/折り入らなかった/
REVIEW	おりいろう	檻要ろう	/折り入ろう/
REVIEW	おりとって	檻取って	/折り取って/
REVIEW	おりとらない	檻取らない	/折り取らない/
REVIEW	おりとらなかった	檻取らなかった	/折り取らなかった/
REVIEW	おりとりました	檻取りました	/折り取りました/
REVIEW	おりとります	檻取ります	/折り取ります/
REVIEW	おります	居ります	/折ります/織ります/
REVIEW	おれ	俺	/織れ/
REVIEW	かいあおった	回煽った	/買い煽った/
REVIEW	かいあおったら	回煽ったら	/買い煽ったら/
REVIEW	かいあおって	回煽って	/買い煽って/
REVIEW	かいあおらない	回煽らない	/買い煽らない/
REVIEW	かいあおらなかった	回煽らなかった	/買い煽らなかった/
REVIEW	かいあおれば	回煽れば	/買い煽れば/
REVIEW	かいあおろう	回煽ろう	/買い煽ろう/
REVIEW	かいおかない	回置かない	/買い置かない/
REVIEW	かいおかなかった	回置かなかった	/買い置かなかった/
REVIEW	かいおけ	回置け	/買い置け/
REVIEW	かいおけば	回置けば	/買い置けば/
REVIEW	かいおこう	回置こう	/買い置こう/
REVIEW	かいこまない	甲斐駒ない	/買い込まない/
REVIEW	かいこみました	解雇見ました	/買い込みました/
REVIEW	かいこみます	解雇見ます	/買い込みます/
REVIEW	かいこもう	解雇網	/買い込もう/
REVIEW	かいこんだ	開墾だ	/買い込んだ/
REVIEW	かいこんだら	開墾だら	/買い込んだら/
REVIEW	かいしぶった	回渋った	/買い渋った/
REVIEW	かいしぶったら	回渋ったら	/買い渋ったら/
REVIEW	かいしぶって	回渋って	/買い渋って/
REVIEW	かいしぶらない	回渋らない	/買い渋らない/
REVIEW	かいしぶらなかった	回渋らなかった	/買い渋らなかった/
REVIEW	かいしぶれば	回渋れば	/買い渋れば/
REVIEW	かいしぶろう	回渋ろう	/買い渋ろう/
REVIEW	かいた	回た	/書いた/欠いた/掻いた/
REVIEW	かいたさない	か致さない	/買い足さない/
REVIEW	かいたさなかった	か致さなかった	/買い足さなかった/
REVIEW	かいたした	か致した	/買い足した/
REVIEW	かいたしたら	か致したら	/買い足したら/
REVIEW	かいたして	か致して	/買い足して/
REVIEW	かいたしました	か致しました	/買い足しました/
REVIEW	かいたします	か致します	/買い足します/
REVIEW	かいたせ	か致せ	/買い足せ/
REVIEW	かいたせば	か致せば	/買い足せば/
REVIEW	かいたそう	か致そう	/買い足そう/
REVIEW	かいたら	回たら	/書いたら/欠いたら/掻いたら/
REVIEW	かいだ	開田	/嗅いだ/
REVIEW	かいだら	回だら	/嗅いだら/
REVIEW	かいて	回て	/書いて/欠いて/掻いて/
REVIEW	かいで	回で	/嗅いで/
REVIEW	かいました	回ました	/買いました/飼いました/交いました/支いました/
REVIEW	かいます	回ます	/買います/飼います/交います/
REVIEW	かえ	替え	/買え/飼え/
REVIEW	かえせ	変えせ	/返せ/孵せ/
REVIEW	かえって	却って	/返って/孵って/
REVIEW	かえれ	変えれ	/返れ/孵れ/
REVIEW	かえれば	変えれば	/返れば/孵れば/
REVIEW	かおりたたない	か下り立たない	/香り立たない/
REVIEW	かおりたたなかった	か下り立たなかった	/香り立たなかった/
REVIEW	かおりたちました	か下り立ちました	/香り立ちました/
REVIEW	かおりたちます	か下り立ちます	/香り立ちます/
REVIEW	かおりたったら	香り経ったら	/香り立ったら/
REVIEW	かおりたって	香りたって	/香り立って/
REVIEW	かおりたて	カオリ縦	/香り立て/
REVIEW	かおりたてば	か下り立てば	/香り立てば/
REVIEW	かおりたとう	香り経とう	/香り立とう/
REVIEW	かおれ	か俺	/香れ/
REVIEW	かかった	掛かった	/罹った/
REVIEW	かかったら	掛かったら	/罹ったら/
REVIEW	かかって	掛かって	/罹って/
REVIEW	かからない	掛からない	/罹らない/
REVIEW	かからなかった	掛からなかった	/罹らなかった/
REVIEW	かかりました	掛かりました	/罹りました/
REVIEW	かかります	掛かります	/罹ります/
REVIEW	かかれ	掛かれ	/罹れ/
REVIEW	かかれば	掛かれば	/罹れば/
REVIEW	かかろう	掛かろう	/罹ろう/
REVIEW	かがもう	かが網	/屈もう/
REVIEW	かきあやまった	下記謝った	/書き誤った/
REVIEW	かきあやまったら	下記謝ったら	/書き誤ったら/
REVIEW	かきあやまって	下記謝って	/書き誤って/
REVIEW	かきあやまらない	下記謝らない	/書き誤らない/
REVIEW	かきあやまらなかった	下記謝らなかった	/書き誤らなかった/
REVIEW	かきあやまりました	下記謝りました	/書き誤りました/
REVIEW	かきあやまります	下記謝ります	/書き誤ります/
REVIEW	かきあやまれ	下記謝れ	/書き誤れ/
REVIEW	かきあやまれば	下記謝れば	/書き誤れば/
REVIEW	かきあやまろう	下記謝ろう	/書き誤ろう/
REVIEW	かきうつさない	下記移さない	/書き写さない/
REVIEW	かきうつさなかった	下記移さなかった	/書き写さなかった/
REVIEW	かきうつした	下記移した	/書き写した/
REVIEW	かきうつしたら	下記移したら	/書き写したら/
REVIEW	かきうつして	下記移して	/書き写して/
REVIEW	かきうつしました	下記移しました	/書き写しました/
REVIEW	かきうつします	下記移します	/書き写します/
REVIEW	かきうつせ	下記移せ	/書き写せ/
REVIEW	かきうつせば	下記移せば	/書き写せば/
REVIEW	かきおかない	柿岡ない	/書き置かない/
REVIEW	かきおかなかった	柿岡なかった	/書き置かなかった/
REVIEW	かきおけ	下記置け	/書き置け/
REVIEW	かきおけば	下記置けば	/書き置けば/
REVIEW	かきおこう	下記置こう	/書き置こう/
REVIEW	かききった	下記切った	/掻き切った/
REVIEW	かききったら	下記切ったら	/掻き切ったら/
REVIEW	かききって	下記切って	/掻き切って/
REVIEW	かききらない	下記切らない	/掻き切らない/
REVIEW	かききらなかった	下記切らなかった	/掻き切らなかった/
REVIEW	かききりました	下記切りました	/掻き切りました/
REVIEW	かききります	下記切ります	/掻き切ります/
REVIEW	かききれ	下記切れ	/掻き切れ/
REVIEW	かききれば	下記切れば	/掻き切れば/
REVIEW	かききろう	下記切ろう	/掻き切ろう/
REVIEW	かきくずさない	下記崩さない	/書き崩さない/
REVIEW	かきくずさなかった	下記崩さなかった	/書き崩さなかった/
REVIEW	かきくずした	下記崩した	/書き崩した/
REVIEW	かきくずしたら	下記崩したら	/書き崩したら/
REVIEW	かきくずして	下記崩して	/書き崩して/
REVIEW	かきくずしました	下記崩しました	/書き崩しました/
REVIEW	かきくずします	下記崩します	/書き崩します/
REVIEW	かきくずせ	下記崩せ	/書き崩せ/
REVIEW	かきくずせば	下記崩せば	/書き崩せば/
REVIEW	かきくずそう	下記崩そう	/書き崩そう/
REVIEW	かきたさない	か来さない	/書き足さない/
REVIEW	かきたさなかった	か来さなかった	/書き足さなかった/
REVIEW	かきたした	か来した	/書き足した/
REVIEW	かきたしたら	か北設楽	/書き足したら/
REVIEW	かきたして	か来して	/書き足して/
REVIEW	かきたしました	か来しました	/書き足しました/
REVIEW	かきたします	か来します	/書き足します/
REVIEW	かきたせば	か来せば	/書き足せば/
REVIEW	かきつがない	下記継がない	/書き継がない/
REVIEW	かきつぎました	下記次ました	/書き継ぎました/
REVIEW	かきつげ	下記告げ	/書き継げ/
REVIEW	かきつげば	下記継げば	/書き継げば/
REVIEW	かきつごう	下記都合	/書き継ごう/
REVIEW	かきとった	掻き取った	/書き取った/
REVIEW	かきとったら	掻き取ったら	/書き取ったら/
REVIEW	かきとって	掻き取って	/書き取って/
REVIEW	かきとらない	掻き取らない	/書き取らない/
REVIEW	かきとらなかった	掻き取らなかった	/書き取らなかった/
REVIEW	かきとりました	掻き取りました	/書き取りました/
REVIEW	かきとります	掻き取ります	/書き取ります/
REVIEW	かきとれ	掻き取れ	/書き取れ/
REVIEW	かきとれば	掻き取れば	/書き取れば/
REVIEW	かきとろう	掻き取ろう	/書き取ろう/
REVIEW	かきなおさない	下記直さない	/書き直さない/
REVIEW	かきなおさなかった	下記直さなかった	/書き直さなかった/
REVIEW	かきなおせ	下記直せ	/書き直せ/
REVIEW	かきなおせば	下記直せば	/書き直せば/
REVIEW	かきなおそう	下記直そう	/書き直そう/
REVIEW	かきました	下記ました	/書きました/欠きました/掻きました/
REVIEW	かきます	下記ます	/書きます/欠きます/掻きます/
REVIEW	かぎついて	鍵ついて	/嗅ぎ付いて/
REVIEW	かぎつきました	鍵月ました	/嗅ぎ付きました/
REVIEW	かぎつきます	嗅ぎ月ます	/嗅ぎ付きます/
REVIEW	かぎつこう	鍵つ抗	/嗅ぎ付こう/
REVIEW	かくした	格下	/隠した/
REVIEW	かくして	斯くして	/隠して/
REVIEW	かくせ	画せ	/隠せ/
REVIEW	かくそう	各層	/隠そう/
REVIEW	かけ	賭け	/書け/掻け/
REVIEW	かけあったら	賭けあったら	/掛け合ったら/
REVIEW	かけちがえる	か蹴違える	/掛け違える/
REVIEW	かけらなかった	欠片なかった	/翔らなかった/
REVIEW	かける	掛ける	/欠ける/
REVIEW	かけれ	掛けれ	/翔れ/
REVIEW	かければ	掛ければ	/翔れば/
REVIEW	かけわたさない	賭け渡さない	/架け渡さない/掛け渡さない/
REVIEW	かけわたさなかった	賭け渡さなかった	/架け渡さなかった/掛け渡さなかった/
REVIEW	かけわたせ	賭け渡せ	/架け渡せ/掛け渡せ/
REVIEW	かけわたせば	賭け渡せば	/架け渡せば/掛け渡せば/
REVIEW	かけわたそう	駆け渡そう	/架け渡そう/掛け渡そう/
REVIEW	かげ	陰	/嗅げ/
REVIEW	かげば	陰ば	/嗅げば/
REVIEW	かげろう	陽炎	/陰ろう/
REVIEW	かこいこもう	囲いこもう	/囲い込もう/
REVIEW	かこいこんで	囲い紺で	/囲い込んで/
REVIEW	かこう	加工	/書こう/掻こう/
REVIEW	かこて	過去て	/託て/
REVIEW	かさない	傘ない	/貸さない/仮さない/
REVIEW	かさなかった	傘なかった	/貸さなかった/仮さなかった/
REVIEW	かさねあえ	重ね和え	/重ね合え/
REVIEW	かさねあった	重ね会った	/重ね合った/
REVIEW	かさねあったら	重ねあったら	/重ね合ったら/
REVIEW	かさねあって	重ねあって	/重ね合って/
REVIEW	かさもう	かさ網	/嵩もう/
REVIEW	かさんだら	加算だら	/嵩んだら/
REVIEW	かしがなかった	下肢がなかった	/炊がなかった/傾がなかった/
REVIEW	かしきった	か仕切った	/貸し切った/
REVIEW	かしきったら	か仕切ったら	/貸し切ったら/
REVIEW	かしきって	か仕切って	/貸し切って/
REVIEW	かしきらない	か仕切らない	/貸し切らない/
REVIEW	かしきらなかった	か仕切らなかった	/貸し切らなかった/
REVIEW	かしきりました	か仕切りました	/貸し切りました/
REVIEW	かしきります	か仕切ります	/貸し切ります/
REVIEW	かしきれば	か仕切れば	/貸し切れば/
REVIEW	かしきろう	か仕切ろう	/貸し切ろう/
REVIEW	かしげ	傾げ	/炊げ/
REVIEW	かししぶった	下肢渋った	/貸し渋った/
REVIEW	かししぶったら	下肢渋ったら	/貸し渋ったら/
REVIEW	かししぶって	下肢渋って	/貸し渋って/
REVIEW	かししぶらない	下肢渋らない	/貸し渋らない/
REVIEW	かししぶらなかった	下肢渋らなかった	/貸し渋らなかった/
REVIEW	かししぶれば	下肢渋れば	/貸し渋れば/
REVIEW	かししぶろう	下肢渋ろう	/貸し渋ろう/
REVIEW	かして	貸し手	/貸して/
REVIEW	かすめ	掠め	/霞め/
REVIEW	かそう	仮想	/貸そう/
REVIEW	かたせ	片瀬	/片せ/
REVIEW	かたない	硬ない	/勝たない/
REVIEW	かたなかった	硬なかった	/勝たなかった/
REVIEW	かたりあえ	語り和え	/語り合え/
REVIEW	かたりあえば	騙り合えば	/語り合えば/
REVIEW	かたりあおう	騙り合おう	/語り合おう/
REVIEW	かたりあった	語り会った	/語り合った/
REVIEW	かたりあったら	語りあったら	/語り合ったら/
REVIEW	かたりあって	語りあって	/語り合って/
REVIEW	かたりあわない	騙り合わない	/語り合わない/
REVIEW	かたりあわなかった	騙り合わなかった	/語り合わなかった/
REVIEW	かたりきいた	騙り聞いた	/語り聞いた/
REVIEW	かたりきいたら	騙り聞いたら	/語り聞いたら/
REVIEW	かたりきいて	騙り聞いて	/語り聞いて/
REVIEW	かたりきかない	騙り利かない	/語り聞かない/
REVIEW	かたりきかなかった	騙り利かなかった	/語り聞かなかった/
REVIEW	かたりききました	語り機器ました	/語り聞きました/
REVIEW	かたりききます	語り機器ます	/語り聞きます/
REVIEW	かたりきけ	騙り聞け	/語り聞け/
REVIEW	かたりきこう	騙り機構	/語り聞こう/
REVIEW	かちのこった	価値の凝った	/勝ち残った/
REVIEW	かちのこったら	価値の凝ったら	/勝ち残ったら/
REVIEW	かちのこって	価値の凝って	/勝ち残って/
REVIEW	かちのこらない	価値の凝らない	/勝ち残らない/
REVIEW	かちのこります	価値の凝ります	/勝ち残ります/
REVIEW	かちのこれ	価値の此れ	/勝ち残れ/
REVIEW	かちのこれば	価値の此れば	/勝ち残れば/
REVIEW	かちのころう	価値の古老	/勝ち残ろう/
REVIEW	かって	勝手	/買って/勝って/駆って/飼って/交って/支って/借って/狩って/刈って/
REVIEW	かつがない	勝つがない	/担がない/
REVIEW	かつごう	渇仰	/担ごう/
REVIEW	かて	糧	/勝て/
REVIEW	かとう	加藤	/勝とう/
REVIEW	かなえ	鼎	/敵え/
REVIEW	かみきれ	紙切れ	/噛み切れ/
REVIEW	かみました	神ました	/噛みました/
REVIEW	かみます	神ます	/噛みます/
REVIEW	かもう	蒲生	/噛もう/
REVIEW	かもった	か持った	/鴨った/
REVIEW	かもったら	か持ったら	/鴨ったら/
REVIEW	かもって	か持って	/鴨って/
REVIEW	かもらない	か盛らない	/鴨らない/
REVIEW	かもらなかった	か盛らなかった	/鴨らなかった/
REVIEW	かもりました	か森ました	/鴨りました/
REVIEW	かもります	か森ます	/鴨ります/
REVIEW	かもれ	か漏れ	/鴨れ/
REVIEW	かもれば	か盛れば	/鴨れば/
REVIEW	かもろう	か脆う	/鴨ろう/
REVIEW	からせ	駆らせ	/枯らせ/
REVIEW	かりいった	借り行った	/借り入った/
REVIEW	かりいらない	仮要らない	/借り入らない/
REVIEW	かりいらなかった	仮要らなかった	/借り入らなかった/
REVIEW	かりいろう	かりい郎	/借り入ろう/
REVIEW	かりました	借りました	/駆りました/狩りました/刈りました/
REVIEW	かります	借ります	/駆ります/狩ります/刈ります/
REVIEW	かれ	彼	/駆れ/借れ/狩れ/刈れ/
REVIEW	かれば	彼ば	/駆れば/借れば/狩れば/刈れば/
REVIEW	かろう	過労	/駆ろう/借ろう/狩ろう/刈ろう/
REVIEW	かわけ	河毛	/乾け/
REVIEW	かわさない	交わさない	/躱さない/
REVIEW	かわさなかった	交わさなかった	/躱さなかった/
REVIEW	かわしたら	交わしたら	/躱したら/
REVIEW	かわして	交わして	/躱して/
REVIEW	かわしました	交わしました	/躱しました/
REVIEW	かわします	交わします	/躱します/
REVIEW	かわせ	為替	/躱せ/
REVIEW	かわせば	交わせば	/躱せば/
REVIEW	かわそう	交わそう	/躱そう/
REVIEW	かわない	皮ない	/買わない/飼わない/交わない/支わない/
REVIEW	かわなかった	皮なかった	/買わなかった/飼わなかった/交わなかった/支わなかった/
REVIEW	かんがみない	管が見ない	/鑑みない/
REVIEW	きおいます	き置います	/気負います/
REVIEW	きおおう	きお王	/気負おう/
REVIEW	ききあやまった	機器謝った	/聞き誤った/
REVIEW	ききあやまったら	機器謝ったら	/聞き誤ったら/
REVIEW	ききあやまって	機器謝って	/聞き誤って/
REVIEW	ききあやまらない	機器謝らない	/聞き誤らない/
REVIEW	ききあやまらなかった	機器謝らなかった	/聞き誤らなかった/
REVIEW	ききあやまりました	機器謝りました	/聞き誤りました/
REVIEW	ききあやまります	機器謝ります	/聞き誤ります/
REVIEW	ききあやまれ	機器謝れ	/聞き誤れ/
REVIEW	ききあやまれば	機器謝れば	/聞き誤れば/
REVIEW	ききあやまろう	機器謝ろう	/聞き誤ろう/
REVIEW	ききしった	機器叱咤	/聞き知った/
REVIEW	ききしったら	機器知ったら	/聞き知ったら/
REVIEW	ききしって	機器知って	/聞き知って/
REVIEW	ききしらない	機器知らない	/聞き知らない/
REVIEW	ききしらなかった	機器知らなかった	/聞き知らなかった/
REVIEW	ききしりました	機器知りました	/聞き知りました/
REVIEW	ききしります	機器知ります	/聞き知ります/
REVIEW	ききしれ	機器知れ	/聞き知れ/
REVIEW	ききしれば	機器知れば	/聞き知れば/
REVIEW	ききしろう	機器知ろう	/聞き知ろう/
REVIEW	ききなおさない	機器直さない	/聞き直さない/
REVIEW	ききなおさなかった	機器直さなかった	/聞き直さなかった/
REVIEW	ききなおした	機器直した	/聞き直した/
REVIEW	ききなおしたら	機器直したら	/聞き直したら/
REVIEW	ききなおして	機器直して	/聞き直して/
REVIEW	ききなおしました	機器直しました	/聞き直しました/
REVIEW	ききなおします	機器直します	/聞き直します/
REVIEW	ききなおせ	機器直せ	/聞き直せ/
REVIEW	ききなおせば	機器直せば	/聞き直せば/
REVIEW	ききなおそう	機器直そう	/聞き直そう/
REVIEW	ききました	機器ました	/聞きました/利きました/
REVIEW	ききます	機器ます	/聞きます/利きます/
REVIEW	きこう	機構	/聞こう/利こう/
REVIEW	きざせ	気障せ	/兆せ/
REVIEW	きざみつきました	刻み月ました	/刻み付きました/
REVIEW	きざみつきます	刻み月ます	/刻み付きます/
REVIEW	きざみつこう	刻みつ抗	/刻み付こう/
REVIEW	きざもう	気障網	/刻もう/
REVIEW	きた	北	/着た/
REVIEW	きたら	喜多羅	/着たら/
REVIEW	きて	来手	/着て/
REVIEW	きない	機内	/着ない/
REVIEW	きながさない	気長佐内	/着流さない/
REVIEW	きながさなかった	気長差なかった	/着流さなかった/
REVIEW	きながせ	気長せ	/着流せ/
REVIEW	きながせば	気長せば	/着流せば/
REVIEW	きました	来ました	/着ました/
REVIEW	きます	来ます	/着ます/
REVIEW	きまわさない	き回さない	/着回さない/
REVIEW	きまわさなかった	き回さなかった	/着回さなかった/
REVIEW	きまわした	き回した	/着回した/
REVIEW	きまわしたら	き回したら	/着回したら/
REVIEW	きまわして	き回して	/着回して/
REVIEW	きまわしました	き回しました	/着回しました/
REVIEW	きまわします	き回します	/着回します/
REVIEW	きまわせ	き回せ	/着回せ/
REVIEW	きまわせば	き回せば	/着回せば/
REVIEW	きまわそう	き回そう	/着回そう/
REVIEW	きよう	器用	/着よう/
REVIEW	きらって	綺羅って	/嫌って/
REVIEW	きりころさない	きり殺さない	/切り殺さない/
REVIEW	きりころさなかった	きり殺さなかった	/切り殺さなかった/
REVIEW	きりころした	きり殺した	/切り殺した/
REVIEW	きりころしたら	きり殺したら	/切り殺したら/
REVIEW	きりころして	きり殺して	/切り殺して/
REVIEW	きりころしました	きり殺しました	/切り殺しました/
REVIEW	きりころします	きり殺します	/切り殺します/
REVIEW	きりころせ	きり殺せ	/切り殺せ/
REVIEW	きりころせば	きり殺せば	/切り殺せば/
REVIEW	きりなおさない	きり直さない	/切り直さない/
REVIEW	きりなおさなかった	きり直さなかった	/切り直さなかった/
REVIEW	きりなおした	きり直した	/切り直した/
REVIEW	きりなおしたら	きり直したら	/切り直したら/
REVIEW	きりなおして	きり直して	/切り直して/
REVIEW	きりなおしました	きり直しました	/切り直しました/
REVIEW	きりなおします	きり直します	/切り直します/
REVIEW	きりなおせ	きり直せ	/切り直せ/
REVIEW	きりなおせば	きり直せば	/切り直せば/
REVIEW	きりなおそう	きり直そう	/切り直そう/
REVIEW	きりもどさない	きり戻さない	/切り戻さない/
REVIEW	きりもどさなかった	きり戻さなかった	/切り戻さなかった/
REVIEW	きりもどした	きり戻した	/切り戻した/
REVIEW	きりもどしたら	きり戻したら	/切り戻したら/
REVIEW	きりもどして	きり戻して	/切り戻して/
REVIEW	きりもどしました	きり戻しました	/切り戻しました/
REVIEW	きりもどします	きり戻します	/切り戻します/
REVIEW	きりもどせ	きり戻せ	/切り戻せ/
REVIEW	きりもどせば	きり戻せば	/切り戻せば/
REVIEW	きりもどそう	きり戻そう	/切り戻そう/
REVIEW	きろ	切ろ	/着ろ/
REVIEW	くえ	九会	/食え/
REVIEW	くくまない	く汲まない	/銜まない/
REVIEW	くくまなかった	く汲まなかった	/銜まなかった/
REVIEW	くくみました	く汲みました	/銜みました/
REVIEW	くくみます	く汲みます	/銜みます/
REVIEW	くくんだ	区組んだ	/銜んだ/
REVIEW	くくんだら	括んだら	/銜んだら/
REVIEW	くくんで	区君で	/銜んで/
REVIEW	くさく	句作	/臭く/
REVIEW	くさくなかった	句作なかった	/臭くなかった/
REVIEW	くびれる	括れる	/縊れる/
REVIEW	くまなかった	熊なかった	/組まなかった/汲まなかった/
REVIEW	くみあわさない	汲み遭わさない	/組み合わさない/
REVIEW	くみあわさなかった	汲み遭わさなかった	/組み合わさなかった/
REVIEW	くみあわした	汲み合わした	/組み合わした/
REVIEW	くみあわしたら	汲み合わしたら	/組み合わしたら/
REVIEW	くみあわして	汲み合わして	/組み合わして/
REVIEW	くみあわしました	汲み合わしました	/組み合わしました/
REVIEW	くみあわします	汲み合わします	/組み合わします/
REVIEW	くめ	久米	/組め/汲め/
REVIEW	くらいこまない	くらい込まない	/食らい込まない/
REVIEW	くらいこまなかった	くらい込まなかった	/食らい込まなかった/
REVIEW	くらいこみました	くらい込みました	/食らい込みました/
REVIEW	くらいこみます	くらい込みます	/食らい込みます/
REVIEW	くらいこめ	くらい込め	/食らい込め/
REVIEW	くらいこめば	くらい込めば	/食らい込めば/
REVIEW	くらいこもう	くらい込もう	/食らい込もう/
REVIEW	くらいこんだら	くらい紺だら	/食らい込んだら/
REVIEW	くらいこんで	くらい紺で	/食らい込んで/
REVIEW	くらいついた	くらい付いた	/食らい付いた/
REVIEW	くらいついたら	くらい付いたら	/食らい付いたら/
REVIEW	くらいつかない	くらい付かない	/食らい付かない/
REVIEW	くらいつかなかった	くらい付かなかった	/食らい付かなかった/
REVIEW	くらいつけ	くらい付け	/食らい付け/
REVIEW	くらいました	位ました	/食らいました/
REVIEW	くりもどさない	栗戻さない	/繰り戻さない/
REVIEW	くりもどさなかった	栗戻さなかった	/繰り戻さなかった/
REVIEW	くりもどした	繰戻た	/繰り戻した/
REVIEW	くりもどしたら	繰戻たら	/繰り戻したら/
REVIEW	くりもどして	繰戻て	/繰り戻して/
REVIEW	くりもどしました	繰戻ました	/繰り戻しました/
REVIEW	くりもどします	繰戻ます	/繰り戻します/
REVIEW	くりもどせ	栗戻せ	/繰り戻せ/
REVIEW	くりもどせば	栗戻せば	/繰り戻せば/
REVIEW	くりもどそう	栗戻そう	/繰り戻そう/
REVIEW	くるって	来るって	/狂って/
REVIEW	くれ	呉れ	/繰れ/刳れ/
REVIEW	くれば	来れば	/繰れば/刳れば/
REVIEW	くろう	苦労	/繰ろう/刳ろう/
REVIEW	くろんだ	繰ろんだ	/黒んだ/
REVIEW	くわなかった	鍬なかった	/食わなかった/
REVIEW	けこまない	毛込まない	/蹴込まない/
REVIEW	けこまなかった	毛込まなかった	/蹴込まなかった/
REVIEW	けこみました	蹴込ました	/蹴込みました/
REVIEW	けこめ	毛込め	/蹴込め/
REVIEW	けこめば	毛込めば	/蹴込めば/
REVIEW	けこもう	毛こもう	/蹴込もう/
REVIEW	けさない	今朝ない	/消さない/
REVIEW	けさなかった	今朝なかった	/消さなかった/
REVIEW	けしさった	毛退った	/消し去った/
REVIEW	けしさって	毛退って	/消し去って/
REVIEW	けしされば	罌粟されば	/消し去れば/
REVIEW	けして	決して	/消して/
REVIEW	けたぐった	毛手繰った	/蹴手繰った/
REVIEW	けたぐったら	毛手繰ったら	/蹴手繰ったら/
REVIEW	けたぐって	毛手繰って	/蹴手繰って/
REVIEW	けたぐらない	毛手繰らない	/蹴手繰らない/
REVIEW	けたぐらなかった	毛手繰らなかった	/蹴手繰らなかった/
REVIEW	けたぐれ	毛手繰れ	/蹴手繰れ/
REVIEW	けたぐれば	毛手繰れば	/蹴手繰れば/
REVIEW	けたぐろう	桁愚弄	/蹴手繰ろう/
REVIEW	けりこまない	鳧込まない	/蹴り込まない/
REVIEW	けりこまなかった	鳧込まなかった	/蹴り込まなかった/
REVIEW	けりこみました	鳧込みました	/蹴り込みました/
REVIEW	けりこみます	鳧込みます	/蹴り込みます/
REVIEW	けりこめ	鳧込め	/蹴り込め/
REVIEW	けりこめば	鳧込めば	/蹴り込めば/
REVIEW	けりこもう	鳧込もう	/蹴り込もう/
REVIEW	けりころさない	鳧殺さない	/蹴り殺さない/
REVIEW	けりころさなかった	鳧殺さなかった	/蹴り殺さなかった/
REVIEW	けりころした	鳧殺した	/蹴り殺した/
REVIEW	けりころしたら	鳧殺したら	/蹴り殺したら/
REVIEW	けりころして	鳧殺して	/蹴り殺して/
REVIEW	けりころしました	鳧殺しました	/蹴り殺しました/
REVIEW	けりころします	鳧殺します	/蹴り殺します/
REVIEW	けりころせ	鳧殺せ	/蹴り殺せ/
REVIEW	けりころせば	鳧殺せば	/蹴り殺せば/
REVIEW	けりこんだら	鳧紺だら	/蹴り込んだら/
REVIEW	けりこんで	鳧紺で	/蹴り込んで/
REVIEW	けります	鳧ます	/蹴ります/
REVIEW	けれ	けれ	/蹴れ/
REVIEW	こいた	小板	/放いた/
REVIEW	こいで	小出	/漕いで/
REVIEW	こえ	声	/請え/恋え/
REVIEW	こえば	声ば	/請えば/恋えば/
REVIEW	こえふとった	声太った	/肥え太った/
REVIEW	こえふとったら	声太ったら	/肥え太ったら/
REVIEW	こえふとって	声太って	/肥え太って/
REVIEW	こえふとらない	声太らない	/肥え太らない/
REVIEW	こえふとらなかった	声太らなかった	/肥え太らなかった/
REVIEW	こえふとりました	声太りました	/肥え太りました/
REVIEW	こえふとります	声太ります	/肥え太ります/
REVIEW	こえふとれ	声太れ	/肥え太れ/
REVIEW	こえふとれば	声太れば	/肥え太れば/
REVIEW	こえふとろう	声太ろう	/肥え太ろう/
REVIEW	こおう	呼応	/請おう/恋おう/
REVIEW	こく	国	/濃く/
REVIEW	こくない	国無い	/濃くない/
REVIEW	こくりました	国利ました	/告りました/
REVIEW	こくります	国利ます	/告ります/
REVIEW	こくれば	子来れば	/告れば/
REVIEW	こくろう	国労	/告ろう/
REVIEW	こければ	転ければ	/濃ければ/
REVIEW	こげ	焦げ	/漕げ/扱げ/
REVIEW	ここう	孤高	/放こう/
REVIEW	こごえしなない	凍え品ない	/凍え死なない/
REVIEW	こごえしね	凍えしね	/凍え死ね/
REVIEW	こごえしのう	凍えしのう	/凍え死のう/
REVIEW	こごえしんだ	凍えしんだ	/凍え死んだ/
REVIEW	こごえしんだら	凍えしんだら	/凍え死んだら/
REVIEW	こごえしんで	凍えしんで	/凍え死んで/
REVIEW	こそう	濃そう	/越そう/漉そう/
REVIEW	ことかけ	事掛け	/事欠け/
REVIEW	ことかこう	事か抗	/事欠こう/
REVIEW	このみました	木の実ました	/好みました/
REVIEW	このみます	木の実ます	/好みます/
REVIEW	このめ	木の芽	/好め/
REVIEW	このんだ	此のんだ	/好んだ/
REVIEW	このんだら	此のんだら	/好んだら/
REVIEW	こまない	込まない	/混まない/
REVIEW	こまなかった	込まなかった	/混まなかった/
REVIEW	こみあえ	込み和え	/混み合え/
REVIEW	こみあえば	子見合えば	/混み合えば/
REVIEW	こみあおう	込み合おう	/混み合おう/
REVIEW	こみあった	込み会った	/混み合った/
REVIEW	こみあったら	込みあったら	/混み合ったら/
REVIEW	こみあって	込みあって	/混み合って/
REVIEW	こみあわない	込み合わない	/混み合わない/
REVIEW	こみあわなかった	込み合わなかった	/混み合わなかった/
REVIEW	こみました	込みました	/混みました/
REVIEW	こみます	込みます	/混みます/
REVIEW	こめ	込め	/混め/
REVIEW	こめば	込めば	/混めば/
REVIEW	こもう	込もう	/混もう/
REVIEW	これ	此れ	/凝れ/樵れ/
REVIEW	これば	此れば	/凝れば/樵れば/
REVIEW	ころう	古老	/凝ろう/樵ろう/
REVIEW	ころしあった	殺し会った	/殺し合った/
REVIEW	ころしあったら	殺しあったら	/殺し合ったら/
REVIEW	ころべ	頃べ	/転べ/
REVIEW	こわさなかった	怖差なかった	/壊さなかった/
REVIEW	こわそう	怖創	/壊そう/
REVIEW	こわなかった	怖なかった	/請わなかった/恋わなかった/
REVIEW	こんだ	金田	/混んだ/
REVIEW	こんだら	紺だら	/混んだら/
REVIEW	さいた	歳た	/咲いた/裂いた/
REVIEW	さきだった	先だった	/先立った/
REVIEW	さきだったら	先だったら	/先立ったら/
REVIEW	さきのこれ	先の此れ	/咲き残れ/
REVIEW	さきました	先ました	/咲きました/裂きました/
REVIEW	さきます	先ます	/咲きます/裂きます/
REVIEW	さけ	酒	/咲け/
REVIEW	さけくさく	避け句作	/酒臭く/
REVIEW	さけくさくない	避け句作ない	/酒臭くない/
REVIEW	さけくさくなかった	避け句作なかった	/酒臭くなかった/
REVIEW	さける	避ける	/裂ける/
REVIEW	さこう	酒匂	/咲こう/裂こう/
REVIEW	ささげもて	捧げもて	/捧げ持て/
REVIEW	ささげもとう	捧げもとう	/捧げ持とう/
REVIEW	さしあえ	さし和え	/差し合え/
REVIEW	さしあおう	さし合おう	/差し合おう/
REVIEW	さしあった	さし会った	/差し合った/
REVIEW	さしあわない	さし合わない	/差し合わない/
REVIEW	さしあわなかった	さし合わなかった	/差し合わなかった/
REVIEW	さしいった	さし行った	/差し入った/
REVIEW	さしいったら	さし行ったら	/差し入ったら/
REVIEW	さしいって	さし行って	/差し入って/
REVIEW	さしいらない	さし要らない	/差し入らない/
REVIEW	さしいらなかった	さし要らなかった	/差し入らなかった/
REVIEW	さしいりました	さし入りました	/差し入りました/
REVIEW	さしいります	さし入ります	/差し入ります/
REVIEW	さしいろう	さし要ろう	/差し入ろう/
REVIEW	さして	指し手	/差して/
REVIEW	さしわたさない	さし渡さない	/差し渡さない/
REVIEW	さしわたさなかった	さし渡さなかった	/差し渡さなかった/
REVIEW	さしわたしたら	差渡したら	/差し渡したら/
REVIEW	さしわたせ	さし渡せ	/差し渡せ/
REVIEW	さしわたせば	さし渡せば	/差し渡せば/
REVIEW	させ	佐瀬	/差せ/
REVIEW	さめやった	鮫やった	/覚め遣った/
REVIEW	さめやったら	鮫やったら	/覚め遣ったら/
REVIEW	さめやらない	鮫遣らない	/覚め遣らない/
REVIEW	さめやらなかった	鮫遣らなかった	/覚め遣らなかった/
REVIEW	さめやりました	鮫遣りました	/覚め遣りました/
REVIEW	さめやります	鮫遣ります	/覚め遣ります/
REVIEW	さめやれ	冷め遣れ	/覚め遣れ/
REVIEW	さめやれば	鮫遣れば	/覚め遣れば/
REVIEW	さめやろう	鮫遣ろう	/覚め遣ろう/
REVIEW	さらえ	杷	/攫え/
REVIEW	さらせ	去らせ	/晒せ/
REVIEW	され	され	/去れ/
REVIEW	さわがなかった	沢がなかった	/騒がなかった/
REVIEW	しいた	θ	/敷いた/
REVIEW	しいたら	椎たら	/敷いたら/
REVIEW	しいて	強いて	/敷いて/
REVIEW	しおくった	塩食った	/仕送った/
REVIEW	しおくったら	塩繰ったら	/仕送ったら/
REVIEW	しおくらない	し贈らない	/仕送らない/
REVIEW	しおくらなかった	し贈らなかった	/仕送らなかった/
REVIEW	しおくりました	し贈りました	/仕送りました/
REVIEW	しおくります	し贈ります	/仕送ります/
REVIEW	しおくれ	塩呉れ	/仕送れ/
REVIEW	しおくれば	塩来れば	/仕送れば/
REVIEW	しおくろう	塩苦労	/仕送ろう/
REVIEW	しかれ	然れ	/叱れ/
REVIEW	しきました	式ました	/敷きました/
REVIEW	しきます	式ます	/敷きます/
REVIEW	しけ	時化	/敷け/
REVIEW	しけろ	湿気ろ	/時化ろ/
REVIEW	しこう	施行	/敷こう/
REVIEW	したいました	死体ました	/慕いました/
REVIEW	したむいたら	下剥いたら	/下向いたら/
REVIEW	したむいて	下剥いて	/下向いて/
REVIEW	したむかない	湑むかない	/下向かない/
REVIEW	したむかなかった	湑むかなかった	/下向かなかった/
REVIEW	したむきます	湑むきます	/下向きます/
REVIEW	したむけば	湑む毛羽	/下向けば/
REVIEW	しった	叱咤	/知った/
REVIEW	しなさない	し成さない	/為做さない/
REVIEW	しなさなかった	し成さなかった	/為做さなかった/
REVIEW	しなせ	死なせ	/為做せ/
REVIEW	しなせば	し成せば	/為做せば/
REVIEW	しのう	子嚢	/死のう/
REVIEW	しのがなかった	篠がなかった	/凌がなかった/
REVIEW	しのびいった	偲び行った	/忍び入った/
REVIEW	しのびいったら	偲び言ったら	/忍び入ったら/
REVIEW	しのびいって	偲び行って	/忍び入って/
REVIEW	しのびいらない	偲び要らない	/忍び入らない/
REVIEW	しのびいらなかった	偲び要らなかった	/忍び入らなかった/
REVIEW	しのびいれ	偲び入れ	/忍び入れ/
REVIEW	しのびいろう	偲び要ろう	/忍び入ろう/
REVIEW	しめこんで	締め紺で	/締め込んで/
REVIEW	しりあえ	尻和え	/知り合え/
REVIEW	しりあえば	尻会えば	/知り合えば/
REVIEW	しりあおう	尻あおう	/知り合おう/
REVIEW	しりあった	尻会った	/知り合った/
REVIEW	しりあったら	尻あったら	/知り合ったら/
REVIEW	しりあって	尻あって	/知り合って/
REVIEW	しりごまない	知りごまない	/尻込まない/
REVIEW	しりごまなかった	尻胡麻なかった	/尻込まなかった/
REVIEW	しりごめば	知りごめば	/尻込めば/
REVIEW	しりごんだ	知り権田	/尻込んだ/
REVIEW	しりごんだら	知りごんだら	/尻込んだら/
REVIEW	しろう	白う	/知ろう/
REVIEW	じこらない	じ凝らない	/事故らない/
REVIEW	じこりました	じ凝りました	/事故りました/
REVIEW	じこります	じ凝ります	/事故ります/
REVIEW	じこれ	じ此れ	/事故れ/
REVIEW	じこれば	じ此れば	/事故れば/
REVIEW	すいた	水た	/梳いた/透いた/漉いた/鋤いた/
REVIEW	すえ	末	/吸え/
REVIEW	すおう	周防	/吸おう/
REVIEW	すかさない	空かさない	/賺さない/
REVIEW	すかさなかった	空かさなかった	/賺さなかった/
REVIEW	すかした	空かした	/賺した/
REVIEW	すかしたら	空かしたら	/賺したら/
REVIEW	すかして	空かして	/賺して/
REVIEW	すかしました	空かしました	/賺しました/
REVIEW	すかします	空かします	/賺します/
REVIEW	すかしみれば	空かし見れば	/透かし見れば/
REVIEW	すかせば	空かせば	/賺せば/
REVIEW	すがみます	酢が見ます	/眇みます/
REVIEW	すがんだら	縋んだら	/眇んだら/
REVIEW	すきあえ	好き和え	/好き合え/
REVIEW	すきあえば	好き会えば	/好き合えば/
REVIEW	すきあおう	好きあおう	/好き合おう/
REVIEW	すきあった	好き会った	/好き合った/
REVIEW	すきあったら	好きあったら	/好き合ったら/
REVIEW	すきあって	好きあって	/好き合って/
REVIEW	すきかえさない	漉き返さない	/鋤き返さない/
REVIEW	すきかえさなかった	漉き返さなかった	/鋤き返さなかった/
REVIEW	すきかえした	漉き返した	/鋤き返した/
REVIEW	すきかえしたら	漉き返したら	/鋤き返したら/
REVIEW	すきかえして	漉き返して	/鋤き返して/
REVIEW	すきかえしました	漉き返しました	/鋤き返しました/
REVIEW	すきかえします	漉き返します	/鋤き返します/
REVIEW	すきかえせ	漉き返せ	/鋤き返せ/
REVIEW	すきかえせば	漉き返せば	/鋤き返せば/
REVIEW	すきかえそう	漉き返そう	/鋤き返そう/
REVIEW	すきこまない	好き込まない	/漉き込まない/鋤き込まない/
REVIEW	すきこまなかった	好き込まなかった	/漉き込まなかった/鋤き込まなかった/
REVIEW	すきこみました	好き込みました	/漉き込みました/鋤き込みました/
REVIEW	すきこみます	好き込みます	/漉き込みます/鋤き込みます/
REVIEW	すきこめ	好き込め	/漉き込め/鋤き込め/
REVIEW	すきこめば	好き込めば	/漉き込めば/鋤き込めば/
REVIEW	すきこもう	好きこもう	/漉き込もう/鋤き込もう/
REVIEW	すきこんだら	好き込んだら	/漉き込んだら/鋤き込んだら/
REVIEW	すきこんで	好き紺で	/漉き込んで/鋤き込んで/
REVIEW	すきとった	剥き取った	/梳き取った/
REVIEW	すきとったら	剥き取ったら	/梳き取ったら/
REVIEW	すきとって	剥き取って	/梳き取って/
REVIEW	すきとらない	剥き取らない	/梳き取らない/
REVIEW	すきとらなかった	剥き取らなかった	/梳き取らなかった/
REVIEW	すきとりました	剥き取りました	/梳き取りました/
REVIEW	すきとります	剥き取ります	/梳き取ります/
REVIEW	すきとれ	剥き取れ	/梳き取れ/
REVIEW	すきとれば	剥き取れば	/梳き取れば/
REVIEW	すきとろう	剥き取ろう	/梳き取ろう/
REVIEW	すきました	好きました	/梳きました/透きました/漉きました/鋤きました/
REVIEW	すきます	好きます	/梳きます/透きます/漉きます/鋤きます/
REVIEW	すけ	透け	/梳け/漉け/鋤け/
REVIEW	すすがなかった	煤がなかった	/濯がなかった/
REVIEW	すすめる	勧める	/進める/
REVIEW	すすもう	煤網	/進もう/
REVIEW	すすりこみました	素刷り込みました	/啜り込みました/
REVIEW	すすりこみます	素刷り込みます	/啜り込みます/
REVIEW	すすりこめば	素刷り込めば	/啜り込めば/
REVIEW	すすりこんだ	素刷り込んだ	/啜り込んだ/
REVIEW	すすりこんだら	素刷り込んだら	/啜り込んだら/
REVIEW	すすりこんで	煤離婚で	/啜り込んで/
REVIEW	すずめ	雀	/涼め/
REVIEW	すった	擦った	/吸った/
REVIEW	すったら	擦ったら	/吸ったら/
REVIEW	すって	擦って	/吸って/
REVIEW	すもう	相撲	/住もう/済もう/澄もう/
REVIEW	すりくだかない	摺砕かない	/擂り砕かない/
REVIEW	すりくだかなかった	摺砕かなかった	/擂り砕かなかった/
REVIEW	すりくだきました	摺砕きました	/擂り砕きました/
REVIEW	すりくだきます	摺砕きます	/擂り砕きます/
REVIEW	すりくだけ	摺砕け	/擂り砕け/
REVIEW	すりくだけば	摺砕けば	/擂り砕けば/
REVIEW	すりくだこう	摺砕こう	/擂り砕こう/
REVIEW	すりむこう	スリム抗	/擦り剥こう/
REVIEW	すわない	すわ無い	/吸わない/
REVIEW	すわなかった	諏訪なかった	/吸わなかった/
REVIEW	せいた	性た	/急いた/咳いた/塞いた/
REVIEW	せいて	性て	/急いて/咳いて/塞いて/
REVIEW	せこう	施工	/急こう/咳こう/
REVIEW	せめあえ	攻め和え	/攻め合え/責め合え/
REVIEW	せめあえば	攻め会えば	/攻め合えば/責め合えば/
REVIEW	せめあおう	攻めあおう	/攻め合おう/責め合おう/
REVIEW	せめあった	攻め会った	/攻め合った/責め合った/
REVIEW	せめあったら	攻めあったら	/攻め合ったら/責め合ったら/
REVIEW	せめあって	攻めあって	/攻め合って/責め合って/
REVIEW	せめいった	攻め行った	/攻め入った/
REVIEW	せめいったら	攻め言ったら	/攻め入ったら/
REVIEW	せめいって	攻め行って	/攻め入って/
REVIEW	せめいらない	せ滅入らない	/攻め入らない/
REVIEW	せめいらなかった	せ滅入らなかった	/攻め入らなかった/
REVIEW	せめいりました	せ滅入りました	/攻め入りました/
REVIEW	せめいります	せ滅入ります	/攻め入ります/
REVIEW	せめいれ	鬩いれ	/攻め入れ/
REVIEW	せめいろう	せ明朗	/攻め入ろう/
REVIEW	せめがなかった	攻めがなかった	/鬩がなかった/
REVIEW	せめころさない	攻め殺さない	/責め殺さない/
REVIEW	せめころさなかった	攻め殺さなかった	/責め殺さなかった/
REVIEW	せめころした	攻め殺した	/責め殺した/
REVIEW	せめころしたら	攻め殺したら	/責め殺したら/
REVIEW	せめころして	攻め殺して	/責め殺して/
REVIEW	せめころしました	攻め殺しました	/責め殺しました/
REVIEW	せめころします	攻め殺します	/責め殺します/
REVIEW	せめころせ	攻め殺せ	/責め殺せ/
REVIEW	せめころせば	攻め殺せば	/責め殺せば/
REVIEW	せめて	攻め手	/攻めて/
REVIEW	せりかたない	競り硬ない	/競り勝たない/
REVIEW	せりかたなかった	競り硬なかった	/競り勝たなかった/
REVIEW	せりかった	競り買った	/競り勝った/
REVIEW	せりかったら	競りかったら	/競り勝ったら/
REVIEW	せりかって	競りかって	/競り勝って/
REVIEW	せりかて	競りかて	/競り勝て/
REVIEW	せりかてば	競りかてば	/競り勝てば/
REVIEW	せりかとう	競りかとう	/競り勝とう/
REVIEW	せれ	せれ	/競れ/
REVIEW	そいだ	沿いだ	/削いだ/
REVIEW	そいだら	沿いだら	/削いだら/
REVIEW	そいで	沿いで	/削いで/
REVIEW	そえ	添え	/沿え/
REVIEW	そぎとった	削ぎとった	/削ぎ取った/
REVIEW	そぎとろう	削ぎ徒労	/削ぎ取ろう/
REVIEW	そばだった	蕎麦だった	/峙った/
REVIEW	そばだったら	蕎麦だったら	/峙ったら/
REVIEW	そばだって	蕎麦だって	/峙って/
REVIEW	そらない	空ない	/剃らない/反らない/
REVIEW	そらなかった	空なかった	/剃らなかった/反らなかった/
REVIEW	そりこまない	反り込まない	/剃り込まない/
REVIEW	そりこまなかった	反り込まなかった	/剃り込まなかった/
REVIEW	そりこみました	反り込みました	/剃り込みました/
REVIEW	そりこみます	反り込みます	/剃り込みます/
REVIEW	そりこめ	反り込め	/剃り込め/
REVIEW	そりこめば	反り込めば	/剃り込めば/
REVIEW	そりこもう	反りこもう	/剃り込もう/
REVIEW	そりこんだら	反り込んだら	/剃り込んだら/
REVIEW	そりこんで	反り紺で	/剃り込んで/
REVIEW	それ	其	/剃れ/反れ/
REVIEW	それば	其れば	/剃れば/反れば/
REVIEW	そろう	揃う	/剃ろう/反ろう/
REVIEW	そわなかった	曽和なかった	/沿わなかった/
REVIEW	たいた	対他	/焚いた/
REVIEW	たおしこんだ	た押し込んだ	/倒し込んだ/
REVIEW	たおしこんで	た押し込んで	/倒し込んで/
REVIEW	たおれ	倒れ	/手折れ/
REVIEW	たおれふそう	倒れ扶桑	/倒れ伏そう/
REVIEW	たかない	鷹ない	/焚かない/
REVIEW	たかなかった	鷹なかった	/焚かなかった/
REVIEW	たきこめ	焚き込め	/炊き込め/
REVIEW	たぐりこんで	手繰り紺で	/手繰り込んで/
REVIEW	たけ	竹	/焚け/
REVIEW	たこう	他校	/焚こう/
REVIEW	たすけあったら	助けあったら	/助け合ったら/
REVIEW	たずねあるきました	尋ね歩きました	/訪ね歩きました/
REVIEW	たずねあるきます	尋ね歩きます	/訪ね歩きます/
REVIEW	たずねあるけ	尋ね歩け	/訪ね歩け/
REVIEW	たずねあるけば	尋ね歩けば	/訪ね歩けば/
REVIEW	たそう	多層	/足そう/
REVIEW	たたきうった	三和土打った	/叩き売った/
REVIEW	たたきうったら	三和土打ったら	/叩き売ったら/
REVIEW	たたきうって	三和土打って	/叩き売って/
REVIEW	たたきうらない	三和土占い	/叩き売らない/
REVIEW	たたきうらなかった	叩き裏なかった	/叩き売らなかった/
REVIEW	たたきうれ	叩きうれ	/叩き売れ/
REVIEW	たたきうれば	叩きうれば	/叩き売れば/
REVIEW	たたきうろう	三和土売ろう	/叩き売ろう/
REVIEW	たたきかえさない	三和土孵さない	/叩き返さない/
REVIEW	たたきかえさなかった	三和土孵さなかった	/叩き返さなかった/
REVIEW	たたきかえした	叩き孵した	/叩き返した/
REVIEW	たたきかえしたら	叩き孵したら	/叩き返したら/
REVIEW	たたきかえして	叩き孵して	/叩き返して/
REVIEW	たたきかえしました	叩き孵しました	/叩き返しました/
REVIEW	たたきかえします	叩き孵します	/叩き返します/
REVIEW	たたきかえせば	三和土孵せば	/叩き返せば/
REVIEW	たたきころさない	三和土殺さない	/叩き殺さない/
REVIEW	たたきころさなかった	三和土殺さなかった	/叩き殺さなかった/
REVIEW	たたきころせば	三和土殺せば	/叩き殺せば/
REVIEW	たたこう	多々抗	/叩こう/
REVIEW	たたれ	経たれ	/祟れ/
REVIEW	たたんだら	他端だら	/畳んだら/
REVIEW	ただした	但した	/正した/
REVIEW	たちます	達ます	/立ちます/経ちます/断ちます/発ちます/
REVIEW	たちよんだ	立ち寄んだ	/立ち読んだ/
REVIEW	たちよんだら	立ち寄んだら	/立ち読んだら/
REVIEW	たちよんで	立ち寄んで	/立ち読んで/
REVIEW	たて	縦	/断て/発て/
REVIEW	たてこめ	立て込め	/建て込め/
REVIEW	たてなおさない	縦直さない	/立て直さない/
REVIEW	たてなおさなかった	縦直さなかった	/立て直さなかった/
REVIEW	たてなおした	建て直した	/立て直した/
REVIEW	たてなおしたら	建て直したら	/立て直したら/
REVIEW	たてなおして	建て直して	/立て直して/
REVIEW	たてなおしました	建て直しました	/立て直しました/
REVIEW	たてなおします	建て直します	/立て直します/
REVIEW	たてまさない	立てまさない	/建て増さない/
REVIEW	たてまさなかった	立てまさなかった	/建て増さなかった/
REVIEW	たてました	立てました	/建て増した/
REVIEW	たてましたら	立てましたら	/建て増したら/
REVIEW	たてまして	立てまして	/建て増して/
REVIEW	たてましました	立てましました	/建て増しました/
REVIEW	たてまします	立てまします	/建て増します/
REVIEW	たてませ	立てませ	/建て増せ/
REVIEW	たてませば	立てませば	/建て増せば/
REVIEW	たまった	溜まった	/堪った/
REVIEW	たまったら	溜まったら	/堪ったら/
REVIEW	たまって	溜まって	/堪って/
REVIEW	たまれ	溜まれ	/堪れ/
REVIEW	たまれば	溜まれば	/堪れば/
REVIEW	たまろう	溜まろう	/堪ろう/
REVIEW	たらさない	垂らさない	/誑さない/
REVIEW	たらさなかった	垂らさなかった	/誑さなかった/
REVIEW	たらした	垂らした	/誑した/
REVIEW	たらしたら	垂らしたら	/誑したら/
REVIEW	たらして	垂らして	/誑して/
REVIEW	たらしました	垂らしました	/誑しました/
REVIEW	たらします	垂らします	/誑します/
REVIEW	たらせば	垂らせば	/誑せば/
REVIEW	たれ	垂れ	/足れ/
REVIEW	たれば	垂れば	/足れば/
REVIEW	たろう	太郎	/足ろう/
REVIEW	だししぶらない	だし渋らない	/出し渋らない/
REVIEW	だししぶります	だし渋ります	/出し渋ります/
REVIEW	だししぶれば	だし渋れば	/出し渋れば/
REVIEW	ちかいあえば	近い会えば	/誓い合えば/
REVIEW	ちかいあおう	近いあおう	/誓い合おう/
REVIEW	ちかいあった	近い会った	/誓い合った/
REVIEW	ちかいあったら	近いあったら	/誓い合ったら/
REVIEW	ちかいあって	近いあって	/誓い合って/
REVIEW	ちかいあわない	近い合わない	/誓い合わない/
REVIEW	ちかいあわなかった	近い泡なかった	/誓い合わなかった/
REVIEW	ちかいます	近います	/誓います/
REVIEW	ちからなかった	力なかった	/力無かった/
REVIEW	ちからなく	力なく	/力無く/
REVIEW	ちからなくない	力なくない	/力無くない/
REVIEW	ちからなくなかった	力なくなかった	/力無くなかった/
REVIEW	ちじみました	血地味ました	/縮みました/
REVIEW	ちじみます	血地味ます	/縮みます/
REVIEW	ちじもう	ちじ網	/縮もう/
REVIEW	ちりました	地理ました	/散りました/
REVIEW	ちります	地理ます	/散ります/
REVIEW	ちれ	チレ	/散れ/
REVIEW	ついだら	付いだら	/次いだら/継いだら/
REVIEW	ついで	序で	/継いで/
REVIEW	つかいのこさない	使いの越さない	/使い残さない/
REVIEW	つかいのこした	使いの漉した	/使い残した/
REVIEW	つかいのこしたら	使いの漉したら	/使い残したら/
REVIEW	つかいのこして	使いの漉して	/使い残して/
REVIEW	つかいのこします	使いの漉します	/使い残します/
REVIEW	つかいのこせ	使いの越せ	/使い残せ/
REVIEW	つかえ	仕え	/使え/
REVIEW	つかもう	つか網	/掴もう/
REVIEW	つきころさない	月殺さない	/突き殺さない/
REVIEW	つきころさなかった	月殺さなかった	/突き殺さなかった/
REVIEW	つきころした	月殺した	/突き殺した/
REVIEW	つきころしたら	月殺したら	/突き殺したら/
REVIEW	つきころして	月殺して	/突き殺して/
REVIEW	つきころしました	月殺しました	/突き殺しました/
REVIEW	つきころします	月殺します	/突き殺します/
REVIEW	つきころせ	月殺せ	/突き殺せ/
REVIEW	つきころせば	月殺せば	/突き殺せば/
REVIEW	つきころそう	月殺そう	/突き殺そう/
REVIEW	つきました	月ました	/付きました/着きました/突きました/
REVIEW	つきます	月ます	/付きます/着きます/突きます/
REVIEW	つぎました	次ました	/次ぎました/継ぎました/
REVIEW	つぎます	次ます	/次ぎます/継ぎます/
REVIEW	つくりこんで	作り紺で	/作り込んで/
REVIEW	つくろった	作ろった	/繕った/
REVIEW	つくろったら	作ろったら	/繕ったら/
REVIEW	つくろって	作ろって	/繕って/
REVIEW	つけ	付け	/突け/
REVIEW	つげ	柘植	/次げ/継げ/
REVIEW	つごう	都合	/次ごう/継ごう/
REVIEW	つずろう	つ杜漏	/綴ろう/
REVIEW	つつしみぶかかった	慎みぶかかった	/慎み深かった/
REVIEW	つつしみぶかく	慎みぶかく	/慎み深く/
REVIEW	つつしみぶかくない	慎みぶかくない	/慎み深くない/
REVIEW	つつしみぶかくなかった	慎みぶかくなかった	/慎み深くなかった/
REVIEW	つつしみぶかければ	慎みぶかければ	/慎み深ければ/
REVIEW	つつもう	筒網	/包もう/恙もう/
REVIEW	つぶだった	粒だった	/粒立った/
REVIEW	つぶだったら	粒だったら	/粒立ったら/
REVIEW	つぶれ	潰れ	/瞑れ/
REVIEW	つまない	妻ない	/積まない/詰まない/
REVIEW	つまなかった	妻なかった	/積まなかった/詰まなかった/
REVIEW	つみまさない	積みまさない	/積み増さない/
REVIEW	つみまさなかった	積みまさなかった	/積み増さなかった/
REVIEW	つみましたら	積みましたら	/積み増したら/
REVIEW	つみまして	積みまして	/積み増して/
REVIEW	つみましました	積みましました	/積み増しました/
REVIEW	つみまします	積みまします	/積み増します/
REVIEW	つみませ	積みませ	/積み増せ/
REVIEW	つみませば	積みませば	/積み増せば/
REVIEW	つめ	爪	/積め/
REVIEW	つめば	爪ば	/積めば/詰めば/
REVIEW	つれ	連れ	/吊れ/攣れ/
REVIEW	つれだった	連れだった	/連れ立った/
REVIEW	てあらかった	手粗かった	/手荒かった/
REVIEW	てあらく	手粗く	/手荒く/
REVIEW	てあらくない	手粗くない	/手荒くない/
REVIEW	てあらくなかった	手粗くなかった	/手荒くなかった/
REVIEW	ていたく	邸宅	/手痛く/
REVIEW	ていたくなかった	邸宅なかった	/手痛くなかった/
REVIEW	てつだったら	鉄だったら	/手伝ったら/
REVIEW	てらない	寺ない	/照らない/
REVIEW	てらなかった	寺なかった	/照らなかった/
REVIEW	てりこまない	手り込まない	/照り込まない/
REVIEW	てりこみます	手り込みます	/照り込みます/
REVIEW	てりこめ	手り込め	/照り込め/
REVIEW	てりこめば	手り込めば	/照り込めば/
REVIEW	てりこもう	手り込もう	/照り込もう/
REVIEW	てりこんだ	手離婚だ	/照り込んだ/
REVIEW	てりこんだら	手離婚だら	/照り込んだら/
REVIEW	てりこんで	手離婚で	/照り込んで/
REVIEW	てりました	手りました	/照りました/
REVIEW	てります	手ります	/照ります/
REVIEW	てれる	手れる	/照れる/
REVIEW	てろう	手郎	/照ろう/
REVIEW	であったら	出あったら	/出会ったら/
REVIEW	であって	出あって	/出会って/
REVIEW	でいった	出行った	/出入った/
REVIEW	でいったら	出言ったら	/出入ったら/
REVIEW	でいって	出言って	/出入って/
REVIEW	でいらない	出要らない	/出入らない/
REVIEW	でいらなかった	出要らなかった	/出入らなかった/
REVIEW	でいろう	出要ろう	/出入ろう/
REVIEW	でかけろ	出かけろ	/出掛けろ/
REVIEW	でかさなかった	でか差なかった	/出来さなかった/
REVIEW	でばった	出飛蝗	/出張った/
REVIEW	でばったら	出ばったら	/出張ったら/
REVIEW	でむこう	出無効	/出向こう/
REVIEW	でよう	出様	/出よう/
REVIEW	といた	戸板	/説いた/解いた/溶いた/
REVIEW	といたら	問いたら	/説いたら/解いたら/溶いたら/
REVIEW	といだ	問いだ	/研いだ/
REVIEW	といて	問いて	/説いて/解いて/溶いて/
REVIEW	といで	問いで	/研いで/
REVIEW	とうせ	と失せ	/通せ/
REVIEW	とうそう	等そう	/通そう/
REVIEW	とうらない	と裏ない	/通らない/
REVIEW	とうらなかった	と裏なかった	/通らなかった/
REVIEW	とうりました	と売りました	/通りました/
REVIEW	とうります	と売ります	/通ります/
REVIEW	とうれ	と売れ	/通れ/
REVIEW	とうれば	と売れば	/通れば/
REVIEW	とうろう	灯籠	/通ろう/
REVIEW	とえ	十重	/問え/
REVIEW	とおう	遠う	/問おう/
REVIEW	ときほぐさない	解き解さない	/溶き解さない/
REVIEW	ときほぐさなかった	解き解さなかった	/溶き解さなかった/
REVIEW	ときほぐした	解き解した	/溶き解した/
REVIEW	ときほぐしたら	解き解したら	/溶き解したら/
REVIEW	ときほぐして	解き解して	/溶き解して/
REVIEW	ときほぐしました	解き解しました	/溶き解しました/
REVIEW	ときほぐします	解き解します	/溶き解します/
REVIEW	ときほぐせ	解き解せ	/溶き解せ/
REVIEW	ときほぐせば	解き解せば	/溶き解せば/
REVIEW	ときほぐそう	解き解そう	/溶き解そう/
REVIEW	ときました	時ました	/説きました/解きました/溶きました/
REVIEW	とけ	解け	/説け/
REVIEW	とげ	棘	/研げ/
REVIEW	とこう	渡航	/説こう/解こう/溶こう/
REVIEW	とごう	渡豪	/研ごう/
REVIEW	とじこめ	閉じ込め	/綴じ込め/
REVIEW	とつごう	突合	/嫁ごう/
REVIEW	となった	と成った	/隣った/
REVIEW	とびいった	鳶行った	/飛び入った/
REVIEW	とびいったら	鳶言ったら	/飛び入ったら/
REVIEW	とびいって	鳶言って	/飛び入って/
REVIEW	とびいらない	鳶要らない	/飛び入らない/
REVIEW	とびいらなかった	鳶要らなかった	/飛び入らなかった/
REVIEW	とびいれ	鳶入れ	/飛び入れ/
REVIEW	とみました	と見ました	/富みました/
REVIEW	とみます	と見ます	/富みます/
REVIEW	とめ	留	/富め/
REVIEW	とらぶらない	虎ぶらない	/トラブらない/
REVIEW	とらぶらなかった	虎ぶらなかった	/トラブらなかった/
REVIEW	とらぶりました	虎鰤ました	/トラブりました/
REVIEW	とらぶります	虎鰤ます	/トラブります/
REVIEW	とりあったら	鳥あったら	/取り合ったら/
REVIEW	とりつけ	取り付け	/取り憑け/
REVIEW	どうければ	同蹴れば	/道化れば/
REVIEW	どなりあえ	怒鳴り和え	/怒鳴り合え/
REVIEW	どなりあった	怒鳴り会った	/怒鳴り合った/
REVIEW	どなりあったら	怒鳴りあったら	/怒鳴り合ったら/
REVIEW	どなりあって	怒鳴りあって	/怒鳴り合って/
REVIEW	なえ	苗	/綯え/
REVIEW	なおって	猶って	/直って/
REVIEW	なおれ	名折れ	/直れ/
REVIEW	なかない	中ない	/泣かない/鳴かない/
REVIEW	なかなかった	中なかった	/泣かなかった/鳴かなかった/
REVIEW	ながさなかった	長さなかった	/流さなかった/
REVIEW	ながしうたない	流し歌ない	/流し打たない/
REVIEW	ながしうたなかった	流し歌なかった	/流し打たなかった/
REVIEW	ながしさった	なが退った	/流し去った/
REVIEW	ながしさったら	なが退ったら	/流し去ったら/
REVIEW	ながしさって	なが退って	/流し去って/
REVIEW	ながしさらない	なが退らない	/流し去らない/
REVIEW	ながしされば	流しされば	/流し去れば/
REVIEW	ながせ	長瀬	/流せ/
REVIEW	ながほそかった	なが細かった	/長細かった/
REVIEW	ながほそければ	なが細ければ	/長細ければ/
REVIEW	ながめやった	眺めやった	/眺め遣った/
REVIEW	ながめやろう	眺め野郎	/眺め遣ろう/
REVIEW	なきやまない	無き止まない	/泣き止まない/鳴き止まない/
REVIEW	なきやまなかった	無き止まなかった	/泣き止まなかった/鳴き止まなかった/
REVIEW	なきやみました	無き止みました	/泣き止みました/鳴き止みました/
REVIEW	なきやみます	無きや見ます	/泣き止みます/鳴き止みます/
REVIEW	なきやんだ	無きやんだ	/泣き止んだ/鳴き止んだ/
REVIEW	なきやんだら	無き止んだら	/泣き止んだら/鳴き止んだら/
REVIEW	なきやんで	無きやんで	/泣き止んで/鳴き止んで/
REVIEW	なぐりあえ	殴り和え	/殴り合え/
REVIEW	なぐりあった	殴り会った	/殴り合った/
REVIEW	なぐりあったら	殴りあったら	/殴り合ったら/
REVIEW	なぐりあって	殴りあって	/殴り合って/
REVIEW	なぐりこんで	殴り紺で	/殴り込んで/
REVIEW	なげ	投げ	/凪げ/薙げ/
REVIEW	なげあおう	なげあ王	/投げ合おう/
REVIEW	なげあった	投げ会った	/投げ合った/
REVIEW	なげあったら	投げあったら	/投げ合ったら/
REVIEW	なげあって	投げあって	/投げ合って/
REVIEW	なげやった	投げやった	/投げ遣った/
REVIEW	なげやったら	投げやったら	/投げ遣ったら/
REVIEW	なげやろう	投げ野郎	/投げ遣ろう/
REVIEW	なじみぶかかった	馴染みぶかかった	/馴染み深かった/
REVIEW	なじみぶかく	馴染みぶかく	/馴染み深く/
REVIEW	なじみぶかくない	馴染みぶかくない	/馴染み深くない/
REVIEW	なじみぶかくなかった	馴染みぶかくなかった	/馴染み深くなかった/
REVIEW	なじみぶかければ	馴染みぶかければ	/馴染み深ければ/
REVIEW	なだかかった	灘掛かった	/名高かった/
REVIEW	なだかければ	灘掛ければ	/名高ければ/
REVIEW	なった	成った	/綯った/
REVIEW	なのりでた	名乗りでた	/名乗り出た/
REVIEW	なのりでたら	名乗りでたら	/名乗り出たら/
REVIEW	なのりでて	名乗りでて	/名乗り出て/
REVIEW	なのりでない	名乗りでない	/名乗り出ない/
REVIEW	なのりでなかった	名乗りでなかった	/名乗り出なかった/
REVIEW	なのりでました	名乗りでました	/名乗り出ました/
REVIEW	なのりでます	名乗りでます	/名乗り出ます/
REVIEW	なのりでれば	名乗りでれば	/名乗り出れば/
REVIEW	なみいた	波板	/並み居た/
REVIEW	なみだった	波だった	/波立った/
REVIEW	なりやまない	なり止まない	/鳴り止まない/
REVIEW	なりやまなかった	なり山なかった	/鳴り止まなかった/
REVIEW	なりやみました	なり止みました	/鳴り止みました/
REVIEW	なりやみます	なり止みます	/鳴り止みます/
REVIEW	なりやんだら	なり止んだら	/鳴り止んだら/
REVIEW	なれあえ	慣れ和え	/馴れ合え/
REVIEW	なれあえば	慣れ合えば	/馴れ合えば/
REVIEW	なれあおう	慣れあおう	/馴れ合おう/
REVIEW	なれあった	慣れ会った	/馴れ合った/
REVIEW	なれあったら	慣れあったら	/馴れ合ったら/
REVIEW	なれあって	慣れあって	/馴れ合って/
REVIEW	なれあわない	慣れ合わない	/馴れ合わない/
REVIEW	なれあわなかった	慣れ合わなかった	/馴れ合わなかった/
REVIEW	なわない	縄無い	/綯わない/
REVIEW	なわなかった	縄なかった	/綯わなかった/
REVIEW	にあいました	に愛ました	/似合いました/
REVIEW	にあいます	に愛ます	/似合います/
REVIEW	にあった	に会った	/似合った/
REVIEW	にあわない	に合わない	/似合わない/
REVIEW	にあわなかった	に合わなかった	/似合わなかった/
REVIEW	においたたない	に生い立たない	/匂い立たない/
REVIEW	においたたなかった	に生い立たなかった	/匂い立たなかった/
REVIEW	においたちました	に生い立ちました	/匂い立ちました/
REVIEW	においたちます	に生い立ちます	/匂い立ちます/
REVIEW	においたった	に生い立った	/匂い立った/
REVIEW	においたったら	に生い立ったら	/匂い立ったら/
REVIEW	においたって	に生い立って	/匂い立って/
REVIEW	においたて	に追い立て	/匂い立て/
REVIEW	においたてば	に生い立てば	/匂い立てば/
REVIEW	においたとう	匂い経とう	/匂い立とう/
REVIEW	にかよった	に通った	/似通った/
REVIEW	にかよって	に通って	/似通って/
REVIEW	にきった	に切った	/煮切った/
REVIEW	にきったら	に切ったら	/煮切ったら/
REVIEW	にきって	に切って	/煮切って/
REVIEW	にきらない	に切らない	/煮切らない/
REVIEW	にきらなかった	に切らなかった	/煮切らなかった/
REVIEW	にきれ	に切れ	/煮切れ/
REVIEW	にきれば	に切れば	/煮切れば/
REVIEW	にきろう	に切ろう	/煮切ろう/
REVIEW	にくみあえ	憎み和え	/憎み合え/
REVIEW	にくみあった	憎み会った	/憎み合った/
REVIEW	にくみあったら	憎みあったら	/憎み合ったら/
REVIEW	にくみあって	憎みあって	/憎み合って/
REVIEW	にくもう	肉網	/憎もう/
REVIEW	にこもう	二胡網	/煮込もう/
REVIEW	にじりでた	躙りでた	/躙り出た/
REVIEW	にじりでたら	躙りでたら	/躙り出たら/
REVIEW	にじりでて	躙りでて	/躙り出て/
REVIEW	にじりでない	躙りでない	/躙り出ない/
REVIEW	にじりでなかった	躙りでなかった	/躙り出なかった/
REVIEW	にじりでました	躙りでました	/躙り出ました/
REVIEW	にじりでます	躙りでます	/躙り出ます/
REVIEW	にじりでれば	躙りでれば	/躙り出れば/
REVIEW	にた	仁多	/似た/煮た/
REVIEW	にたちました	に達ました	/煮立ちました/
REVIEW	にたちます	に達ます	/煮立ちます/
REVIEW	にたった	に立った	/煮立った/
REVIEW	にたったら	に経ったら	/煮立ったら/
REVIEW	にたって	に経って	/煮立って/
REVIEW	にたてば	に経てば	/煮立てば/
REVIEW	にたてる	に立てる	/煮立てる/
REVIEW	にたとう	に経とう	/煮立とう/
REVIEW	にて	二手	/似て/煮て/
REVIEW	にない	に無い	/似ない/煮ない/
REVIEW	になった	に成った	/担った/
REVIEW	にふくまない	に含まない	/煮含まない/
REVIEW	にふくまなかった	に含まなかった	/煮含まなかった/
REVIEW	にふくみました	に含みました	/煮含みました/
REVIEW	にふくみます	に含みます	/煮含みます/
REVIEW	にふくもう	に含もう	/煮含もう/
REVIEW	にふくんだ	に含んだ	/煮含んだ/
REVIEW	にふくんだら	に含んだら	/煮含んだら/
REVIEW	にふくんで	に含んで	/煮含んで/
REVIEW	によう	二葉	/似よう/煮よう/
REVIEW	によった	に因った	/似寄った/
REVIEW	によったら	に因ったら	/似寄ったら/
REVIEW	によって	に因って	/似寄って/
REVIEW	によらない	に因らない	/似寄らない/
REVIEW	によらなかった	に因らなかった	/似寄らなかった/
REVIEW	によりました	に因りました	/似寄りました/
REVIEW	によります	に因ります	/似寄ります/
REVIEW	によれ	に因れ	/似寄れ/
REVIEW	によれば	に因れば	/似寄れば/
REVIEW	によろう	に因ろう	/似寄ろう/
REVIEW	ぬいだら	抜いだら	/脱いだら/
REVIEW	ぬいで	抜いで	/脱いで/
REVIEW	ぬいとった	抜いとった	/縫い取った/
REVIEW	ぬいとったら	抜いとったら	/縫い取ったら/
REVIEW	ぬいとって	抜いとって	/縫い取って/
REVIEW	ぬいとらない	抜い虎ない	/縫い取らない/
REVIEW	ぬいとらなかった	抜い虎なかった	/縫い取らなかった/
REVIEW	ぬいとりました	抜い鳥ました	/縫い取りました/
REVIEW	ぬいとります	抜い鳥ます	/縫い取ります/
REVIEW	ぬいとれ	抜い取れ	/縫い取れ/
REVIEW	ぬいとれば	抜い取れば	/縫い取れば/
REVIEW	ぬいとろう	抜い徒労	/縫い取ろう/
REVIEW	ぬいました	抜いました	/縫いました/
REVIEW	ぬいます	抜います	/縫います/
REVIEW	ぬえ	鵺	/縫え/
REVIEW	ぬきうたない	貫歌ない	/抜き打たない/
REVIEW	ぬきうたなかった	貫歌なかった	/抜き打たなかった/
REVIEW	ぬきうてば	貫打てば	/抜き打てば/
REVIEW	ぬきうとう	貫疎う	/抜き打とう/
REVIEW	ぬきささない	抜きささない	/抜き差さない/
REVIEW	ぬきささなかった	抜きささなかった	/抜き差さなかった/
REVIEW	ぬきさした	抜き沙市た	/抜き差した/
REVIEW	ぬきさしたら	抜き沙市たら	/抜き差したら/
REVIEW	ぬきさして	抜き沙市て	/抜き差して/
REVIEW	ぬきさせ	抜き佐瀬	/抜き差せ/
REVIEW	ぬきさせば	抜き佐瀬ば	/抜き差せば/
REVIEW	ぬきさそう	抜きさそう	/抜き差そう/
REVIEW	ぬきでた	貫でた	/抜き出た/
REVIEW	ぬきでたら	貫でたら	/抜き出たら/
REVIEW	ぬきでて	貫でて	/抜き出て/
REVIEW	ぬきでない	貫でない	/抜き出ない/
REVIEW	ぬきでなかった	貫でなかった	/抜き出なかった/
REVIEW	ぬきでます	貫でます	/抜き出ます/
REVIEW	ぬきでれば	抜きでれば	/抜き出れば/
REVIEW	ぬけでた	抜けでた	/抜け出た/
REVIEW	ぬけでよう	抜け出様	/抜け出よう/
REVIEW	ぬすみとろう	盗み徒労	/盗み取ろう/
REVIEW	ぬりこんで	塗り紺で	/塗り込んで/
REVIEW	ぬれ	濡れ	/塗れ/
REVIEW	ねがえった	ねが選った	/寝返った/
REVIEW	ねがえったら	願えったら	/寝返ったら/
REVIEW	ねがえって	願えって	/寝返って/
REVIEW	ねがえらない	ねが選らない	/寝返らない/
REVIEW	ねがえれ	願えれ	/寝返れ/
REVIEW	ねがえれば	願えれば	/寝返れば/
REVIEW	ねた	妬	/寝た/
REVIEW	ねなおさない	ね直さない	/寝直さない/
REVIEW	ねなおさなかった	ね直さなかった	/寝直さなかった/
REVIEW	ねなおせ	ね直せ	/寝直せ/
REVIEW	ねなおせば	ね直せば	/寝直せば/
REVIEW	ねびかない	ねび敵い	/値引かない/
REVIEW	のこれ	の此れ	/残れ/
REVIEW	のこれば	の此れば	/残れば/
REVIEW	のころう	の古老	/残ろう/
REVIEW	のした	伸した	/熨した/
REVIEW	のして	伸して	/熨して/
REVIEW	のしました	伸しました	/熨しました/
REVIEW	のします	伸します	/熨します/
REVIEW	のせ	乗せ	/熨せ/
REVIEW	のたまった	の溜まった	/宣った/
REVIEW	のたれじね	の垂れじね	/野垂れ死ね/
REVIEW	のたれじのう	の垂れじのう	/野垂れ死のう/
REVIEW	のぼせ	逆上せ	/上せ/
REVIEW	のみあるいた	のみ歩いた	/飲み歩いた/
REVIEW	のみあるいたら	のみ歩いたら	/飲み歩いたら/
REVIEW	のみあるいて	のみ歩いて	/飲み歩いて/
REVIEW	のみあるきました	のみ歩きました	/飲み歩きました/
REVIEW	のみあるきます	のみ歩きます	/飲み歩きます/
REVIEW	のみあるけば	のみ歩けば	/飲み歩けば/
REVIEW	のみあるこう	のみある抗	/飲み歩こう/
REVIEW	のみたおさない	のみ倒さない	/飲み倒さない/
REVIEW	のみたおさなかった	のみ倒さなかった	/飲み倒さなかった/
REVIEW	のみたおした	のみ倒した	/飲み倒した/
REVIEW	のみたおしたら	のみ倒したら	/飲み倒したら/
REVIEW	のみたおして	のみ倒して	/飲み倒して/
REVIEW	のみたおしました	のみ倒しました	/飲み倒しました/
REVIEW	のみたおします	のみ倒します	/飲み倒します/
REVIEW	のみたおせ	のみ倒せ	/飲み倒せ/
REVIEW	のみたおせば	のみ倒せば	/飲み倒せば/
REVIEW	のみたおそう	のみ倒そう	/飲み倒そう/
REVIEW	のみたったら	のみ経ったら	/飲み足ったら/
REVIEW	のみたって	のみ経って	/飲み足って/
REVIEW	のみたりました	のみ足りました	/飲み足りました/
REVIEW	のみたれ	のみ垂れ	/飲み足れ/
REVIEW	のみたれば	のみ垂れば	/飲み足れば/
REVIEW	のみたろう	のみ太郎	/飲み足ろう/
REVIEW	のみなおさない	のみ直さない	/飲み直さない/
REVIEW	のみなおさなかった	のみ直さなかった	/飲み直さなかった/
REVIEW	のみなおした	の見直した	/飲み直した/
REVIEW	のみなおしたら	の見直したら	/飲み直したら/
REVIEW	のみなおして	のみ直して	/飲み直して/
REVIEW	のみなおしました	のみ直しました	/飲み直しました/
REVIEW	のみなおします	のみ直します	/飲み直します/
REVIEW	のみなおせ	の見直せ	/飲み直せ/
REVIEW	のみなおせば	のみ直せば	/飲み直せば/
REVIEW	のみなおそう	のみ直そう	/飲み直そう/
REVIEW	のりあえ	海苔和え	/乗り合え/
REVIEW	のりあえば	海苔会えば	/乗り合えば/
REVIEW	のりあおう	海苔あおう	/乗り合おう/
REVIEW	のりあった	海苔会った	/乗り合った/
REVIEW	のりあったら	海苔あったら	/乗り合ったら/
REVIEW	のりあって	海苔あって	/乗り合って/
REVIEW	のりいった	海苔行った	/乗り入った/
REVIEW	のりいったら	海苔言ったら	/乗り入ったら/
REVIEW	のりいって	海苔言って	/乗り入って/
REVIEW	のりいらない	海苔要らない	/乗り入らない/
REVIEW	のりいらなかった	海苔要らなかった	/乗り入らなかった/
REVIEW	のりいろう	海苔要ろう	/乗り入ろう/
REVIEW	のりつぶさない	海苔潰さない	/乗り潰さない/
REVIEW	のりつぶさなかった	海苔潰さなかった	/乗り潰さなかった/
REVIEW	のりつぶした	海苔潰した	/乗り潰した/
REVIEW	のりつぶしたら	海苔潰したら	/乗り潰したら/
REVIEW	のりつぶして	海苔潰して	/乗り潰して/
REVIEW	のりつぶしました	海苔潰しました	/乗り潰しました/
REVIEW	のりつぶします	海苔潰します	/乗り潰します/
REVIEW	のりつぶせ	海苔潰せ	/乗り潰せ/
REVIEW	のりつぶせば	海苔潰せば	/乗り潰せば/
REVIEW	のりつぶそう	海苔潰そう	/乗り潰そう/
REVIEW	のろう	呪う	/乗ろう/
REVIEW	はいこめ	肺込め	/這い込め/
REVIEW	はいた	排他	/吐いた/履いた/掃いた/刷いた/佩いた/
REVIEW	はいたら	肺たら	/吐いたら/履いたら/掃いたら/刷いたら/佩いたら/
REVIEW	はいだ	灰田	/剥いだ/矧いだ/
REVIEW	はいだら	肺だら	/矧いだら/
REVIEW	はいって	肺って	/入って/
REVIEW	はいて	肺て	/吐いて/履いて/掃いて/刷いて/佩いて/
REVIEW	はいで	這い出	/剥いで/矧いで/
REVIEW	はいでない	肺でない	/這い出ない/
REVIEW	はいでなかった	肺でなかった	/這い出なかった/
REVIEW	はいのぼった	肺登った	/這い上った/
REVIEW	はいのぼったら	肺上ったら	/這い上ったら/
REVIEW	はいのぼらない	肺上らない	/這い上らない/
REVIEW	はいのぼらなかった	肺上らなかった	/這い上らなかった/
REVIEW	はいのぼりました	肺上りました	/這い上りました/
REVIEW	はいのぼります	肺上ります	/這い上ります/
REVIEW	はいのぼれ	肺上れ	/這い上れ/
REVIEW	はいのぼれば	肺上れば	/這い上れば/
REVIEW	はいのぼろう	肺上ろう	/這い上ろう/
REVIEW	はいます	肺ます	/這います/
REVIEW	はいよった	肺因った	/這い寄った/
REVIEW	はいよったら	肺因ったら	/這い寄ったら/
REVIEW	はいよって	肺因って	/這い寄って/
REVIEW	はいよらない	肺因らない	/這い寄らない/
REVIEW	はいよらなかった	肺因らなかった	/這い寄らなかった/
REVIEW	はいよりました	肺因りました	/這い寄りました/
REVIEW	はいよります	肺因ります	/這い寄ります/
REVIEW	はいよれ	肺因れ	/這い寄れ/
REVIEW	はいよれば	肺因れば	/這い寄れば/
REVIEW	はいよろう	肺ヨロウ	/這い寄ろう/
REVIEW	はえ	蠅	/這え/
REVIEW	はおう	覇王	/這おう/
REVIEW	はおれ	は俺	/羽織れ/
REVIEW	はかない	儚い	/吐かない/履かない/掃かない/刷かない/佩かない/
REVIEW	はかりしった	図り叱咤	/計り知った/
REVIEW	はかりしったら	図り知ったら	/計り知ったら/
REVIEW	はかりしって	図り知って	/計り知って/
REVIEW	はかりしらない	図り知らない	/計り知らない/
REVIEW	はかりしらなかった	図り知らなかった	/計り知らなかった/
REVIEW	はかりしりました	図り知りました	/計り知りました/
REVIEW	はかりしります	図り知ります	/計り知ります/
REVIEW	はかりしろう	図り知ろう	/計り知ろう/
REVIEW	はけ	刷毛	/吐け/履け/掃け/刷け/佩け/
REVIEW	はげ	禿	/矧げ/
REVIEW	はこう	波高	/吐こう/履こう/掃こう/刷こう/佩こう/
REVIEW	はごう	は号	/剥ごう/矧ごう/
REVIEW	はしらない	は知らない	/走らない/奔らない/
REVIEW	はしらなかった	は知らなかった	/走らなかった/奔らなかった/
REVIEW	はしれ	は知れ	/走れ/奔れ/
REVIEW	はじきとばない	土師器飛ばない	/弾き飛ばない/
REVIEW	はじきとばなかった	土師器飛ばなかった	/弾き飛ばなかった/
REVIEW	はじきとべ	土師器とべ	/弾き飛べ/
REVIEW	はじきとべば	土師器飛べば	/弾き飛べば/
REVIEW	はじきとぼう	土師器とぼう	/弾き飛ぼう/
REVIEW	はじきとんだ	土師器飛んだ	/弾き飛んだ/
REVIEW	はずもう	筈網	/弾もう/
REVIEW	はった	八田	/這った/張った/
REVIEW	はなしあったら	話あったら	/話し合ったら/
REVIEW	はなした	話た	/話した/離した/放した/
REVIEW	はなしたら	話たら	/話したら/離したら/放したら/
REVIEW	はなして	話て	/話して/離して/放して/
REVIEW	はなしました	話ました	/話しました/離しました/放しました/
REVIEW	はなします	話ます	/話します/離します/放します/
REVIEW	はなった	は成った	/放った/
REVIEW	はねまわった	撥ね回った	/跳ね回った/
REVIEW	はねまわったら	撥ね回ったら	/跳ね回ったら/
REVIEW	はねまわって	撥ね回って	/跳ね回って/
REVIEW	はねまわらない	撥ね回らない	/跳ね回らない/
REVIEW	はねまわらなかった	撥ね回らなかった	/跳ね回らなかった/
REVIEW	はねまわりました	撥ね回りました	/跳ね回りました/
REVIEW	はねまわります	撥ね回ります	/跳ね回ります/
REVIEW	はねまわれ	撥ね回れ	/跳ね回れ/
REVIEW	はねまわれば	撥ね回れば	/跳ね回れば/
REVIEW	はねまわろう	撥ね回ろう	/跳ね回ろう/
REVIEW	はみました	は見ました	/食みました/
REVIEW	はみます	は見ます	/食みます/
REVIEW	はめ	羽目	/食め/
REVIEW	はもった	は持った	/ハモった/
REVIEW	はもったら	は持ったら	/ハモったら/
REVIEW	はもって	は持って	/ハモって/
REVIEW	はもらない	は盛らない	/ハモらない/
REVIEW	はもらなかった	は盛らなかった	/ハモらなかった/
REVIEW	はもりました	は森ました	/ハモりました/
REVIEW	はもります	は森ます	/ハモります/
REVIEW	はもれ	は漏れ	/ハモれ/
REVIEW	はもれば	は盛れば	/ハモれば/
REVIEW	はやさなかった	速さなかった	/囃さなかった/
REVIEW	はやした	生やした	/囃した/
REVIEW	はやして	生やして	/囃して/
REVIEW	はやします	生やします	/囃します/
REVIEW	はやせ	生やせ	/囃せ/
REVIEW	はやせば	生やせば	/囃せば/
REVIEW	はらだたない	原田たない	/腹立たない/
REVIEW	はらだちます	原田ちます	/腹立ちます/
REVIEW	はらだった	原だった	/腹立った/
REVIEW	はらだったら	原だったら	/腹立ったら/
REVIEW	はらだって	原田って	/腹立って/
REVIEW	はらだて	原田て	/腹立て/
REVIEW	はらだてば	原田てば	/腹立てば/
REVIEW	はらだとう	原田とう	/腹立とう/
REVIEW	はらない	原ない	/張らない/
REVIEW	はらなかった	原なかった	/張らなかった/
REVIEW	はりこめる	針込める	/張り込める/
REVIEW	はりました	針ました	/張りました/
REVIEW	はります	針ます	/張ります/
REVIEW	はりわたさない	針渡さない	/張り渡さない/
REVIEW	はりわたさなかった	針渡さなかった	/張り渡さなかった/
REVIEW	はりわたせ	針渡せ	/張り渡せ/
REVIEW	はりわたせば	針渡せば	/張り渡せば/
REVIEW	はりわたそう	針渡そう	/張り渡そう/
REVIEW	はれ	晴	/張れ/
REVIEW	はれば	晴ば	/張れば/
REVIEW	はろう	波浪	/張ろう/
REVIEW	はんだ	半田	/食んだ/
REVIEW	はんで	ハンデ	/食んで/
REVIEW	ぱにくった	ぱに食った	/パニクった/
REVIEW	ぱにくったら	ぱに繰ったら	/パニクったら/
REVIEW	ぱにくって	ぱに食って	/パニクって/
REVIEW	ぱにくらない	ぱに繰らない	/パニクらない/
REVIEW	ぱにくります	ぱに繰ります	/パニクります/
REVIEW	ぱにくれ	ぱに呉れ	/パニクれ/
REVIEW	ぱにくれば	ぱに来れば	/パニクれば/
REVIEW	ぱにくろう	ぱに苦労	/パニクろう/
REVIEW	ひかない	皮下ない	/引かない/弾かない/挽かない/
REVIEW	ひかなかった	皮下なかった	/引かなかった/弾かなかった/挽かなかった/
REVIEW	ひかりました	光ました	/光りました/
REVIEW	ひかります	光ます	/光ります/
REVIEW	ひかれ	皮下れ	/光れ/
REVIEW	ひがめ	僻目	/僻め/
REVIEW	ひきあえ	匹和え	/引き合え/
REVIEW	ひきあえば	匹会えば	/引き合えば/
REVIEW	ひきあおう	匹あおう	/引き合おう/
REVIEW	ひきあった	匹会った	/引き合った/
REVIEW	ひきあったら	匹あったら	/引き合ったら/
REVIEW	ひきあって	匹あって	/引き合って/
REVIEW	ひきいった	匹行った	/引き入った/
REVIEW	ひきいらない	匹要らない	/引き入らない/
REVIEW	ひきいらなかった	匹要らなかった	/引き入らなかった/
REVIEW	ひきいります	率いります	/引き入ります/
REVIEW	ひきいれば	率いれば	/引き入れば/
REVIEW	ひきいろう	ひきい郎	/引き入ろう/
REVIEW	ひきがたったら	匹が経ったら	/弾き語ったら/
REVIEW	ひきがたって	匹が経って	/弾き語って/
REVIEW	ひきがたらない	匹がたらない	/弾き語らない/
REVIEW	ひきがたります	匹が足ります	/弾き語ります/
REVIEW	ひきがたれ	匹が垂れ	/弾き語れ/
REVIEW	ひきがたれば	匹が足れば	/弾き語れば/
REVIEW	ひきがたろう	匹が太郎	/弾き語ろう/
REVIEW	ひきたおさない	匹倒さない	/引き倒さない/
REVIEW	ひきたおさなかった	匹倒さなかった	/引き倒さなかった/
REVIEW	ひきたおした	匹倒した	/引き倒した/
REVIEW	ひきたおしたら	匹倒したら	/引き倒したら/
REVIEW	ひきたおして	匹倒して	/引き倒して/
REVIEW	ひきたおしました	匹倒しました	/引き倒しました/
REVIEW	ひきたおします	匹倒します	/引き倒します/
REVIEW	ひきたおせ	匹倒せ	/引き倒せ/
REVIEW	ひきたおせば	匹倒せば	/引き倒せば/
REVIEW	ひきたおそう	匹倒そう	/引き倒そう/
REVIEW	ひきつれる	引き連れる	/引き攣れる/
REVIEW	ひきなおさない	匹直さない	/引き直さない/
REVIEW	ひきなおさなかった	匹直さなかった	/引き直さなかった/
REVIEW	ひきはがない	匹はがない	/引き剥がない/
REVIEW	ひきはげ	匹禿	/引き剥げ/
REVIEW	ひきはげば	匹剥げば	/引き剥げば/
REVIEW	ひきはごう	匹は号	/引き剥ごう/
REVIEW	ひけ	引け	/挽け/
REVIEW	ひこう	飛行	/引こう/弾こう/挽こう/
REVIEW	ひさがなかった	飛砂がなかった	/鬻がなかった/
REVIEW	ひしがない	菱がない	/拉がない/
REVIEW	ひしがなかった	菱がなかった	/拉がなかった/
REVIEW	ひたら	浸ら	/干たら/
REVIEW	ひっかけ	引っ掛け	/引っ掻け/
REVIEW	ひない	比内	/干ない/
REVIEW	ひなかった	非なかった	/干なかった/
REVIEW	ひもとこう	紐と抗	/紐解こう/
REVIEW	ひよった	干よった	/日和った/
REVIEW	ひよったら	干よったら	/日和ったら/
REVIEW	ひよらない	非因らない	/日和らない/
REVIEW	ひよりました	日和ました	/日和りました/
REVIEW	ひよります	日和ます	/日和ります/
REVIEW	ひよれ	干よれ	/日和れ/
REVIEW	ひよれば	非因れば	/日和れば/
REVIEW	ひよろう	ヒヨ郎	/日和ろう/
REVIEW	ひらこう	平光	/開こう/
REVIEW	ひらめこう	平目抗	/閃こう/
REVIEW	ひるまない	昼間ない	/怯まない/
REVIEW	ひるまなかった	昼間なかった	/怯まなかった/
REVIEW	ひろ	尋	/干ろ/
REVIEW	ふかない	深ない	/吹かない/拭かない/葺かない/
REVIEW	ふかなかった	深なかった	/吹かなかった/拭かなかった/葺かなかった/
REVIEW	ふきこまない	拭き込まない	/吹き込まない/
REVIEW	ふきこまなかった	拭き込まなかった	/吹き込まなかった/
REVIEW	ふきこみました	拭き込みました	/吹き込みました/
REVIEW	ふきこみます	拭き込みます	/吹き込みます/
REVIEW	ふきこめば	拭き込めば	/吹き込めば/
REVIEW	ふきこもう	拭き込もう	/吹き込もう/
REVIEW	ふきこんだ	拭き込んだ	/吹き込んだ/
REVIEW	ふきこんだら	拭き込んだら	/吹き込んだら/
REVIEW	ふきこんで	拭き込んで	/吹き込んで/
REVIEW	ふきながさない	付記流さない	/吹き流さない/
REVIEW	ふきながせ	拭き長瀬	/吹き流せ/
REVIEW	ふきながせば	付記流せば	/吹き流せば/
REVIEW	ふきやまない	付記止まない	/吹き止まない/
REVIEW	ふきやみました	吹き矢見ました	/吹き止みました/
REVIEW	ふきやみます	吹き矢見ます	/吹き止みます/
REVIEW	ふきやめば	付記止めば	/吹き止めば/
REVIEW	ふきやもう	吹き矢網	/吹き止もう/
REVIEW	ふきやんだ	付記やんだ	/吹き止んだ/
REVIEW	ふきやんだら	付記止んだら	/吹き止んだら/
REVIEW	ふきやんで	付記やんで	/吹き止んで/
REVIEW	ふけ	普化	/吹け/拭け/葺け/
REVIEW	ふこう	不幸	/吹こう/拭こう/葺こう/
REVIEW	ふせ	付せ	/臥せ/
REVIEW	ふそう	扶桑	/伏そう/臥そう/
REVIEW	ふりこめ	降り籠め	/振り込め/
REVIEW	ふるいました	振るいました	/震いました/篩いました/
REVIEW	ふるいます	振るいます	/震います/篩います/
REVIEW	ふるえ	震え	/篩え/
REVIEW	ふるえば	振るえば	/震えば/篩えば/
REVIEW	ふるおう	振るおう	/震おう/篩おう/
REVIEW	ふるせ	古瀬	/古せ/
REVIEW	ふるった	振るった	/震った/篩った/
REVIEW	ふるったら	振るったら	/震ったら/篩ったら/
REVIEW	ふるって	振るって	/震って/篩って/
REVIEW	ふるわない	振るわない	/震わない/篩わない/
REVIEW	ふるわなかった	振るわなかった	/震わなかった/篩わなかった/
REVIEW	ふれ	触れ	/降れ/
REVIEW	ふれる	触れる	/振れる/
REVIEW	ふろう	不老	/振ろう/降ろう/
REVIEW	ぶせ	ぶせ	/撫せ/
REVIEW	ぶそう	武装	/撫そう/
REVIEW	へた	下手	/経た/
REVIEW	へろ	減ろ	/経ろ/
REVIEW	ほうろう	放浪	/放ろう/
REVIEW	ほえたたない	ほえ経たない	/吠え立たない/
REVIEW	ほえたたなかった	ほえ経たなかった	/吠え立たなかった/
REVIEW	ほえたちました	ほえ達ました	/吠え立ちました/
REVIEW	ほえたちます	ほえ達ます	/吠え立ちます/
REVIEW	ほえたったら	ほえ経ったら	/吠え立ったら/
REVIEW	ほえたって	ほえ経って	/吠え立って/
REVIEW	ほえたとう	ほえ経とう	/吠え立とう/
REVIEW	ほこれ	保此れ	/誇れ/
REVIEW	ほした	星た	/干した/
REVIEW	ほしたら	星たら	/干したら/
REVIEW	ほして	星て	/干して/
REVIEW	ほしました	星ました	/干しました/
REVIEW	ほします	星ます	/干します/
REVIEW	ほせ	保せ	/干せ/
REVIEW	ほそう	舗装	/干そう/
REVIEW	ほらない	洞ない	/掘らない/彫らない/
REVIEW	ほらなかった	洞なかった	/掘らなかった/彫らなかった/
REVIEW	ほりくずさない	ほり崩さない	/掘り崩さない/
REVIEW	ほりくずさなかった	ほり崩さなかった	/掘り崩さなかった/
REVIEW	ほりくずした	ほり崩した	/掘り崩した/
REVIEW	ほりくずしたら	ほり崩したら	/掘り崩したら/
REVIEW	ほりくずして	ほり崩して	/掘り崩して/
REVIEW	ほりくずしました	ほり崩しました	/掘り崩しました/
REVIEW	ほりくずします	ほり崩します	/掘り崩します/
REVIEW	ほりくずせ	ほり崩せ	/掘り崩せ/
REVIEW	ほりくずせば	ほり崩せば	/掘り崩せば/
REVIEW	ほりくずそう	ほり崩そう	/掘り崩そう/
REVIEW	ほりすすめる	堀勧める	/掘り進める/
REVIEW	ほりぬかなかった	ほり抜かなかった	/掘り抜かなかった/
REVIEW	ほりぬきました	ほり抜きました	/掘り抜きました/
REVIEW	ほりぬきます	ほり抜きます	/掘り抜きます/
REVIEW	ほりぬけ	ほり抜け	/掘り抜け/
REVIEW	ほりぬけば	ほり抜けば	/掘り抜けば/
REVIEW	ほりぬこう	ほり抜こう	/掘り抜こう/
REVIEW	ほれ	ほれ	/掘れ/彫れ/
REVIEW	ほろう	歩廊	/掘ろう/彫ろう/
REVIEW	ほろびされば	滅びされば	/滅び去れば/
REVIEW	まいた	毎田	/巻いた/撒いた/蒔いた/
REVIEW	まえ	前	/舞え/
REVIEW	まえば	前歯	/舞えば/
REVIEW	まおう	魔王	/舞おう/
REVIEW	まかない	賄い	/巻かない/撒かない/蒔かない/
REVIEW	まかなかった	摩訶なかった	/巻かなかった/撒かなかった/蒔かなかった/
REVIEW	まがった	曲がった	/紛った/
REVIEW	まがったら	曲がったら	/紛ったら/
REVIEW	まがって	曲がって	/紛って/
REVIEW	まきもどさない	巻戻さない	/巻き戻さない/
REVIEW	まきもどさなかった	巻戻さなかった	/巻き戻さなかった/
REVIEW	まきもどせ	巻戻せ	/巻き戻せ/
REVIEW	まきもどせば	巻戻せば	/巻き戻せば/
REVIEW	まきもどそう	巻戻そう	/巻き戻そう/
REVIEW	まけ	負け	/巻け/撒け/蒔け/
REVIEW	まこう	磨香	/巻こう/撒こう/蒔こう/
REVIEW	ました	ました	/増した/
REVIEW	まして	況して	/増して/
REVIEW	ませ	籬	/増せ/
REVIEW	またがない	又がない	/跨がない/
REVIEW	またがなかった	又がなかった	/跨がなかった/
REVIEW	またぎこさない	股木越さない	/跨ぎ越さない/
REVIEW	またぎこさなかった	股木越さなかった	/跨ぎ越さなかった/
REVIEW	またぎこした	跨ぎ漉した	/跨ぎ越した/
REVIEW	またぎこしたら	跨ぎ漉したら	/跨ぎ越したら/
REVIEW	またぎこして	跨ぎ漉して	/跨ぎ越して/
REVIEW	またぎこしました	跨ぎ漉しました	/跨ぎ越しました/
REVIEW	またぎこします	跨ぎ漉します	/跨ぎ越します/
REVIEW	またぎこせ	股木漉せ	/跨ぎ越せ/
REVIEW	またぎこせば	股木漉せば	/跨ぎ越せば/
REVIEW	またごう	又号	/跨ごう/
REVIEW	またない	又ない	/待たない/
REVIEW	またなかった	又なかった	/待たなかった/
REVIEW	まちあわさない	町遭わさない	/待ち合わさない/
REVIEW	まちあわさなかった	町遭わさなかった	/待ち合わさなかった/
REVIEW	まちあわした	町合わした	/待ち合わした/
REVIEW	まちあわしたら	町合わしたら	/待ち合わしたら/
REVIEW	まちあわして	町合わして	/待ち合わして/
REVIEW	まちあわしました	町合わしました	/待ち合わしました/
REVIEW	まちあわします	町合わします	/待ち合わします/
REVIEW	まちました	町ました	/待ちました/
REVIEW	まちます	町ます	/待ちます/
REVIEW	まとう	纏う	/待とう/
REVIEW	まぶさなかった	まぶ差なかった	/塗さなかった/
REVIEW	まぶそう	まぶ創	/塗そう/
REVIEW	みおとった	みお取った	/見劣った/
REVIEW	みおとったら	みお取ったら	/見劣ったら/
REVIEW	みおとって	みお取って	/見劣って/
REVIEW	みおとれ	みお取れ	/見劣れ/
REVIEW	みおとろう	みお徒労	/見劣ろう/
REVIEW	みすらない	見すらない	/ミスらない/
REVIEW	みすらなかった	見すらなかった	/ミスらなかった/
REVIEW	みすれ	魅すれ	/ミスれ/
REVIEW	みすれば	魅すれば	/ミスれば/
REVIEW	みずくさく	水句作	/水臭く/
REVIEW	みずくさくない	水句作ない	/水臭くない/
REVIEW	みずくさくなかった	水句作なかった	/水臭くなかった/
REVIEW	みそぎました	禊ました	/禊ぎました/
REVIEW	みそぎます	禊ます	/禊ぎます/
REVIEW	みそごう	味噌号	/禊ごう/
REVIEW	みちがおう	道が王	/見違おう/
REVIEW	みって	見って	/満って/
REVIEW	みてば	見てば	/満てば/
REVIEW	みてる	見てる	/満てる/
REVIEW	みとう	未踏	/満とう/
REVIEW	みとうせ	満とうせ	/見通せ/
REVIEW	みとうせば	満とうせば	/見通せば/
REVIEW	みとめあえ	認め和え	/認め合え/
REVIEW	みとめあった	認め会った	/認め合った/
REVIEW	みとれ	見惚れ	/見取れ/
REVIEW	みまわせ	見舞わせ	/見回せ/
REVIEW	みまわれ	見舞われ	/見回れ/
REVIEW	みみざとく	耳座得	/耳聡く/
REVIEW	むかえとろう	迎え徒労	/迎え取ろう/
REVIEW	むかない	無化ない	/向かない/剥かない/
REVIEW	むかなかった	無化なかった	/向かなかった/剥かなかった/
REVIEW	むけば	向けば	/剥けば/
REVIEW	むこう	無効	/剥こう/
REVIEW	むさぼりくったら	貪り繰ったら	/貪り食ったら/
REVIEW	むさぼりよもう	貪りよ網	/貪り読もう/
REVIEW	むさぼりよんだら	貪り四だら	/貪り読んだら/
REVIEW	むさぼりよんで	貪り四で	/貪り読んで/
REVIEW	むせんだ	無線だ	/咽んだ/
REVIEW	むせんだら	無線だら	/咽んだら/
REVIEW	むせんで	無線で	/咽んで/
REVIEW	めいろう	明朗	/滅入ろう/
REVIEW	めぐまない	芽ぐまない	/恵まない/
REVIEW	めぐまなかった	芽ぐまなかった	/恵まなかった/
REVIEW	めぐみました	芽ぐみました	/恵みました/
REVIEW	めぐみます	芽ぐみます	/恵みます/
REVIEW	めぐめ	芽ぐめ	/恵め/
REVIEW	めぐめば	芽ぐめば	/恵めば/
REVIEW	めぐもう	芽ぐもう	/恵もう/
REVIEW	めぐんだ	芽ぐんだ	/恵んだ/
REVIEW	めぐんだら	芽ぐんだら	/恵んだら/
REVIEW	めぐんで	芽ぐんで	/恵んで/
REVIEW	めしつかえ	召し仕え	/召し使え/
REVIEW	めしつかえば	飯使えば	/召し使えば/
REVIEW	めしつかおう	飯使おう	/召し使おう/
REVIEW	めしつかった	飯使った	/召し使った/
REVIEW	めしつかったら	飯使ったら	/召し使ったら/
REVIEW	めしつかって	飯使って	/召し使って/
REVIEW	めしつかわない	飯使わない	/召し使わない/
REVIEW	めしつかわなかった	飯使わなかった	/召し使わなかった/
REVIEW	めもった	目盛った	/メモった/
REVIEW	めもったら	目盛ったら	/メモったら/
REVIEW	めもって	目盛って	/メモって/
REVIEW	めもらない	目盛らない	/メモらない/
REVIEW	めもらなかった	目盛らなかった	/メモらなかった/
REVIEW	めもりました	目盛りました	/メモりました/
REVIEW	めもります	目盛ります	/メモります/
REVIEW	めもれ	目盛れ	/メモれ/
REVIEW	めもれば	目盛れば	/メモれば/
REVIEW	めもろう	目盛ろう	/メモろう/
REVIEW	もうしひらけば	孟子開けば	/申し開けば/
REVIEW	もうそう	妄想	/申そう/
REVIEW	もした	模試た	/燃した/
REVIEW	もしたら	模試たら	/燃したら/
REVIEW	もして	模試て	/燃して/
REVIEW	もします	模試ます	/燃します/
REVIEW	もせ	模せ	/燃せ/
REVIEW	もそう	模奏	/燃そう/
REVIEW	もちあえ	持ち和え	/持ち合え/
REVIEW	もちあえば	持ち会えば	/持ち合えば/
REVIEW	もちあおう	持ちあおう	/持ち合おう/
REVIEW	もちあった	持ち会った	/持ち合った/
REVIEW	もちあったら	持ちあったら	/持ち合ったら/
REVIEW	もちあって	持ちあって	/持ち合って/
REVIEW	もちあわない	糯粟ない	/持ち合わない/
REVIEW	もちあわなかった	糯粟なかった	/持ち合わなかった/
REVIEW	もとめあえ	求め和え	/求め合え/
REVIEW	もとめあった	求め会った	/求め合った/
REVIEW	ものがたりました	物語ました	/物語りました/
REVIEW	ものがたります	物語ます	/物語ります/
REVIEW	もみだした	も乱した	/揉み出した/
REVIEW	もみだしたら	も乱したら	/揉み出したら/
REVIEW	もみだします	も乱します	/揉み出します/
REVIEW	もみだせ	も乱せ	/揉み出せ/
REVIEW	もみだせば	も乱せば	/揉み出せば/
REVIEW	もみました	も見ました	/揉みました/
REVIEW	もみます	も見ます	/揉みます/
REVIEW	ももう	も網	/揉もう/
REVIEW	もりました	森ました	/盛りました/漏りました/
REVIEW	もります	森ます	/盛ります/漏ります/
REVIEW	もれ	漏れ	/盛れ/
REVIEW	もろう	脆う	/盛ろう/漏ろう/
REVIEW	もんだら	門だら	/揉んだら/
REVIEW	やいた	矢板	/焼いた/
REVIEW	やきこまない	や着込まない	/焼き込まない/
REVIEW	やきこまなかった	や着込まなかった	/焼き込まなかった/
REVIEW	やきこみました	や着込みました	/焼き込みました/
REVIEW	やきこみます	や着込みます	/焼き込みます/
REVIEW	やきこめば	や着込めば	/焼き込めば/
REVIEW	やきこもう	や着込もう	/焼き込もう/
REVIEW	やきこんだ	や着込んだ	/焼き込んだ/
REVIEW	やきこんだら	や着込んだら	/焼き込んだら/
REVIEW	やきこんで	や着込んで	/焼き込んで/
REVIEW	やくしました	約しました	/訳しました/
REVIEW	やけのこった	焼けの凝った	/焼け残った/
REVIEW	やけのこったら	焼けの凝ったら	/焼け残ったら/
REVIEW	やけのこって	焼けの凝って	/焼け残って/
REVIEW	やけのこらない	焼けの凝らない	/焼け残らない/
REVIEW	やけのこります	焼けの凝ります	/焼け残ります/
REVIEW	やけのこれ	焼けの此れ	/焼け残れ/
REVIEW	やけのこれば	焼けの此れば	/焼け残れば/
REVIEW	やけのころう	焼けの古老	/焼け残ろう/
REVIEW	やこう	夜行	/焼こう/
REVIEW	やすもう	ヤス網	/休もう/
REVIEW	やまなかった	山なかった	/病まなかった/止まなかった/
REVIEW	やめる	止める	/病める/
REVIEW	やりあえ	遣り和え	/遣り合え/
REVIEW	やりあった	遣り会った	/遣り合った/
REVIEW	やりあったら	遣りあったら	/遣り合ったら/
REVIEW	ゆおう	硫黄	/結おう/
REVIEW	ゆきかよえ	雪通え	/行き通え/
REVIEW	ゆきかよえば	雪通えば	/行き通えば/
REVIEW	ゆきかよった	雪か因った	/行き通った/
REVIEW	ゆきかよったら	雪か因ったら	/行き通ったら/
REVIEW	ゆきかよって	雪かよって	/行き通って/
REVIEW	ゆきかよわない	雪通わない	/行き通わない/
REVIEW	ゆきかよわなかった	雪通わなかった	/行き通わなかった/
REVIEW	ゆすりとった	強請りとった	/強請り取った/
REVIEW	ゆずりあったら	譲りあったら	/譲り合ったら/
REVIEW	ゆらない	由良ない	/揺らない/
REVIEW	ゆらなかった	由良なかった	/揺らなかった/
REVIEW	ゆりかえさない	百合孵さない	/揺り返さない/
REVIEW	ゆりかえさなかった	百合孵さなかった	/揺り返さなかった/
REVIEW	ゆりかえせば	百合孵せば	/揺り返せば/
REVIEW	ゆりもどさない	百合戻さない	/揺り戻さない/
REVIEW	ゆりもどさなかった	百合戻さなかった	/揺り戻さなかった/
REVIEW	ゆりもどせ	百合も度せ	/揺り戻せ/
REVIEW	ゆりもどせば	百合戻せば	/揺り戻せば/
REVIEW	ゆりもどそう	百合も土葬	/揺り戻そう/
REVIEW	ゆるしあえ	許し和え	/許し合え/
REVIEW	ゆるしあった	許し会った	/許し合った/
REVIEW	ゆるしあったら	許しあったら	/許し合ったら/
REVIEW	ゆるしあって	許しあって	/許し合って/
REVIEW	よいつぶさない	良い潰さない	/酔い潰さない/
REVIEW	よいつぶさなかった	良い潰さなかった	/酔い潰さなかった/
REVIEW	よいつぶした	良い潰した	/酔い潰した/
REVIEW	よいつぶしたら	良い潰したら	/酔い潰したら/
REVIEW	よいつぶして	良い潰して	/酔い潰して/
REVIEW	よいつぶしました	良い潰しました	/酔い潰しました/
REVIEW	よいつぶします	良い潰します	/酔い潰します/
REVIEW	よいつぶせ	良い潰せ	/酔い潰せ/
REVIEW	よいつぶせば	良い潰せば	/酔い潰せば/
REVIEW	よいました	良いました	/酔いました/
REVIEW	よいます	良います	/酔います/
REVIEW	よく	翌	/良く/
REVIEW	よくない	翌ない	/良くない/
REVIEW	よくなかった	翌なかった	/良くなかった/
REVIEW	よくばったら	翌ばったら	/欲張ったら/
REVIEW	よさない	良さない	/止さない/
REVIEW	よさなかった	良さなかった	/止さなかった/
REVIEW	よそう	良そう	/止そう/
REVIEW	よぼう	予防	/呼ぼう/
REVIEW	よみすすめる	読み勧める	/読み進める/
REVIEW	よめ	嫁	/読め/
REVIEW	よめいった	読め行った	/嫁入った/
REVIEW	よめいったら	読め言ったら	/嫁入ったら/
REVIEW	よめいって	読め行って	/嫁入って/
REVIEW	よめいらない	嫁要らない	/嫁入らない/
REVIEW	よめいらなかった	嫁要らなかった	/嫁入らなかった/
REVIEW	よめいりました	よ滅入りました	/嫁入りました/
REVIEW	よめいります	よ滅入ります	/嫁入ります/
REVIEW	よめいろう	よ明朗	/嫁入ろう/
REVIEW	よれ	縒れ	/因れ/寄れ/
REVIEW	よろこびいさめ	喜び諫め	/喜び勇め/
REVIEW	よんだ	四だ	/呼んだ/読んだ/
REVIEW	よんだら	四だら	/呼んだら/読んだら/
REVIEW	よんで	四で	/呼んで/読んで/
REVIEW	わかなかった	和歌なかった	/沸かなかった/
REVIEW	わきでない	脇でない	/湧き出ない/
REVIEW	わきでなかった	脇でなかった	/湧き出なかった/
REVIEW	わけ	分け	/沸け/
REVIEW	わけあえ	分け和え	/分け合え/
REVIEW	わけあえば	分け会えば	/分け合えば/
REVIEW	わけあおう	分けあおう	/分け合おう/
REVIEW	わけあった	分け会った	/分け合った/
REVIEW	わけあったら	分けあったら	/分け合ったら/
REVIEW	わけあって	分けあって	/分け合って/
REVIEW	わけば	分けば	/沸けば/
REVIEW	わこう	和光	/沸こう/
REVIEW	わたりあったら	渡りあったら	/渡り合ったら/
REVIEW	わらいかえさない	笑い孵さない	/笑い返さない/
REVIEW	わらいかえさなかった	笑い孵さなかった	/笑い返さなかった/
REVIEW	わらいかえした	笑い孵した	/笑い返した/
REVIEW	わらいかえしたら	笑い孵したら	/笑い返したら/
REVIEW	わらいかえして	笑い孵して	/笑い返して/
REVIEW	わらいかえしました	笑い孵しました	/笑い返しました/
REVIEW	わらいかえします	笑い孵します	/笑い返します/
REVIEW	わらいかえせば	笑い孵せば	/笑い返せば/
REVIEW	わりいった	割行った	/割り入った/
REVIEW	わりいらない	割要らない	/割り入らない/
REVIEW	わりいらなかった	割要らなかった	/割り入らなかった/
REVIEW	わりいろう	わりい郎	/割り入ろう/
