ADD	愛し合った	あいしあった	愛し会った	/愛し合った/
ADD	愛し合ったら	あいしあったら	愛しあったら	/愛し合ったら/
ADD	空いて	あいて	愛て	/空いて/明いて/
ADD	会いました	あいました	愛ました	/合いました/会いました/
ADD	会います	あいます	愛ます	/合います/会います/
ADD	合え	あえ	阿江	/合え/会え/
ADD	仰いだ	あおいだ	青いだ	/仰いだ/扇いだ/
KEEP	青がなかった	あおがなかった	青がなかった	/仰がなかった/
ADD	青白みました	あおじろみました	青白見ました	/青白みました/
ADD	青白みます	あおじろみます	青白見ます	/青白みます/
KEEP	赤ない	あかない	赤ない	/空かない/明かない/
KEEP	赤なかった	あかなかった	赤なかった	/空かなかった/明かなかった/
ADD	足掻こう	あがこう	あが抗	/足掻こう/
KEEP	開ける	あける	開ける	/空ける/明ける/
KEEP	赤穂	あこう	赤穂	/空こう/明こう/
ADD	与り知った	あずかりしった	与り叱咤	/与り知った/
ADD	汗臭く	あせくさく	汗句作	/汗臭く/
ADD	汗臭くない	あせくさくない	汗句作ない	/汗臭くない/
ADD	汗臭くなかった	あせくさくなかった	汗句作なかった	/汗臭くなかった/
KEEP	与え	あたえ	与え	/能え/
KEEP	与えば	あたえば	与えば	/能えば/
KEEP	温め和え	あたためあえ	温め和え	/温め合え/
KEEP	当たった	あたった	当たった	/能った/
KEEP	当たったら	あたったら	当たったら	/能ったら/
KEEP	当たって	あたって	当たって	/能って/
KEEP	甘くだった	あまくだった	甘くだった	/天下った/
KEEP	甘くだったら	あまくだったら	甘くだったら	/天下ったら/
KEEP	甘くだって	あまくだって	甘くだって	/天下って/
KEEP	甘く誰	あまくだれ	甘く誰	/天下れ/
KEEP	甘くだろう	あまくだろう	甘くだろう	/天下ろう/
KEEP	甘さない	あまさない	甘さない	/余さない/
ADD	余さなかった	あまさなかった	甘さなかった	/余さなかった/
KEEP	雨	あめ	雨	/編め/
ADD	洗い直さない	あらいなおさない	粗い直さない	/洗い直さない/
ADD	洗い直さなかった	あらいなおさなかった	粗い直さなかった	/洗い直さなかった/
ADD	洗い直した	あらいなおした	粗い直した	/洗い直した/
ADD	洗い直したら	あらいなおしたら	粗い直したら	/洗い直したら/
ADD	洗い直して	あらいなおして	粗い直して	/洗い直して/
ADD	洗い直しました	あらいなおしました	粗い直しました	/洗い直しました/
ADD	洗い直します	あらいなおします	粗い直します	/洗い直します/
ADD	洗い直せ	あらいなおせ	粗い直せ	/洗い直せ/
ADD	洗い直せば	あらいなおせば	粗い直せば	/洗い直せば/
KEEP	露わなかった	あらわなかった	露わなかった	/洗わなかった/
ADD	歩こう	あるこう	有る抗	/歩こう/
ADD	泡立った	あわだった	泡だった	/泡立った/粟立った/
KEEP	安打	あんだ	安打	/編んだ/
ADD	編んだら	あんだら	案だら	/編んだら/
KEEP	いい歩きました	いいあるきました	いい歩きました	/言い歩きました/
KEEP	いい歩きます	いいあるきます	いい歩きます	/言い歩きます/
KEEP	いい歩け	いいあるけ	いい歩け	/言い歩け/
KEEP	いい歩けば	いいあるけば	いい歩けば	/言い歩けば/
KEEP	いい送った	いいおくった	いい送った	/言い送った/
KEEP	いい送ったら	いいおくったら	いい送ったら	/言い送ったら/
KEEP	言い置くって	いいおくって	言い置くって	/言い送って/
ADD	言い送らない	いいおくらない	いい贈らない	/言い送らない/
UNSURE		いいおくらなかった	いい贈らなかった	/言い送らなかった/
ADD	言い及びます	いいおよびます	いい及びます	/言い及びます/
ADD	言い渋った	いいしぶった	いい渋った	/言い渋った/
ADD	言い渋ったら	いいしぶったら	いい渋ったら	/言い渋ったら/
ADD	言い渋って	いいしぶって	いい渋って	/言い渋って/
ADD	言い渋りました	いいしぶりました	いい渋りました	/言い渋りました/
ADD	言い渋ります	いいしぶります	いい渋ります	/言い渋ります/
ADD	言い渋れば	いいしぶれば	いい渋れば	/言い渋れば/
KEEP	いい渋ろう	いいしぶろう	いい渋ろう	/言い渋ろう/
ADD	言い足れ	いいたれ	いい垂れ	/言い足れ/
UNSURE		いいたれば	いい垂れば	/言い足れば/
KEEP	いい太郎	いいたろう	いい太郎	/言い足ろう/
ADD	言い継いだ	いいついだ	いい付いだ	/言い継いだ/
UNSURE		いいついで	いい序で	/言い継いで/
ADD	言い継ぎました	いいつぎました	いい次ました	/言い継ぎました/
ADD	言い継ぎます	いいつぎます	いい次ます	/言い継ぎます/
ADD	言い継げ	いいつげ	いい柘植	/言い継げ/
KEEP	いい都合	いいつごう	いい都合	/言い継ごう/
KEEP	いい開かない	いいひらかない	いい開かない	/言い開かない/
KEEP	いい開かなかった	いいひらかなかった	いい開かなかった	/言い開かなかった/
KEEP	いい開けば	いいひらけば	いい開けば	/言い開けば/
ADD	言い回せ	いいまわせ	いい回せ	/言い回せ/
KEEP	いい回せば	いいまわせば	いい回せば	/言い回せば/
ADD	癒えた	いえた	家た	/癒えた/
ADD	癒えたら	いえたら	家たら	/癒えたら/
KEEP	家て	いえて	家て	/癒えて/
ADD	癒えない	いえない	家ない	/癒えない/
ADD	癒えなかった	いえなかった	家なかった	/癒えなかった/
ADD	癒えました	いえました	家ました	/癒えました/
ADD	癒えます	いえます	家ます	/癒えます/
KEEP	言えよう	いえよう	言えよう	/癒えよう/
KEEP	言えれば	いえれば	言えれば	/癒えれば/
KEEP	言えろ	いえろ	言えろ	/癒えろ/
ADD	行かない	いかない	以下ない	/行かない/逝かない/
ADD	行かなかった	いかなかった	以下なかった	/行かなかった/逝かなかった/
ADD	行き合ったら	いきあったら	域あったら	/行き合ったら/
ADD	生き急がない	いきいそがない	域急がない	/生き急がない/
ADD	生き急ぎました	いきいそぎました	域急ぎました	/生き急ぎました/
ADD	生き急ぎます	いきいそぎます	域急ぎます	/生き急ぎます/
KEEP	域急げ	いきいそげ	域急げ	/生き急げ/
ADD	生き急げば	いきいそげば	域急げば	/生き急げば/
KEEP	域急ごう	いきいそごう	域急ごう	/生き急ごう/
ADD	息急かない	いきせかない	域せかない	/息急かない/
ADD	息急け	いきせけ	域せけ	/息急け/
UNSURE		いきせけば	域咳けば	/息急けば/
ADD	息急こう	いきせこう	域せ抗	/息急こう/
KEEP	行き付け	いきつけ	行き付け	/行き着け/
ADD	行き悩まない	いきなやまない	域悩まない	/行き悩まない/
ADD	行き悩まなかった	いきなやまなかった	域悩まなかった	/行き悩まなかった/
ADD	行き悩みました	いきなやみました	域悩みました	/行き悩みました/
ADD	行き悩みます	いきなやみます	域悩みます	/行き悩みます/
ADD	行き悩めば	いきなやめば	域悩めば	/行き悩めば/
ADD	行き悩もう	いきなやもう	域なや網	/行き悩もう/
ADD	行き悩んだ	いきなやんだ	域悩んだ	/行き悩んだ/
ADD	行き悩んだら	いきなやんだら	域悩んだら	/行き悩んだら/
ADD	行き悩んで	いきなやんで	域悩んで	/行き悩んで/
ADD	行きました	いきました	域ました	/行きました/逝きました/
ADD	行きます	いきます	域ます	/行きます/逝きます/
ADD	息もう	いきもう	域網	/息もう/
ADD	行こう	いこう	以降	/行こう/逝こう/
KEEP	行こった	いこった	行こった	/憩った/
KEEP	行こったら	いこったら	行こったら	/憩ったら/
KEEP	行こって	いこって	行こって	/憩って/
KEEP	行こ網	いこもう	行こ網	/鋳込もう/射込もう/
KEEP	行こんだ	いこんだ	行こんだ	/鋳込んだ/射込んだ/
KEEP	行こんだら	いこんだら	行こんだら	/鋳込んだら/射込んだら/
KEEP	行こんで	いこんで	行こんで	/鋳込んで/射込んで/
KEEP	井坂王	いさかおう	井坂王	/諍おう/
ADD	諍った	いさかった	井坂った	/諍った/
ADD	諍ったら	いさかったら	井坂ったら	/諍ったら/
KEEP	井坂って	いさかって	井坂って	/諍って/
ADD	諍わなかった	いさかわなかった	異差皮なかった	/諍わなかった/
KEEP	諫め	いさめ	諫め	/勇め/
ADD	急がなかった	いそがなかった	磯がなかった	/急がなかった/
KEEP	委託	いたく	委託	/痛く/
ADD	痛くない	いたくない	委託ない	/痛くない/
ADD	痛くなかった	いたくなかった	委託なかった	/痛くなかった/
KEEP	炒め	いため	炒め	/悼め/
KEEP	炒める	いためる	炒める	/痛める/
ADD	痛んだ	いたんだ	傷んだ	/痛んだ/悼んだ/
ADD	居残れ	いのこれ	いの此れ	/居残れ/
KEEP	井伏	いぶせ	井伏	/燻せ/
KEEP	今ない	いまない	今ない	/忌まない/
KEEP	今なかった	いまなかった	今なかった	/忌まなかった/
KEEP	夢	いめ	夢	/忌め/
ADD	癒さなかった	いやさなかった	嫌差なかった	/癒さなかった/
ADD	癒して	いやして	癒し手	/癒して/
KEEP	嫌ました	いやました	嫌ました	/弥増した/
KEEP	嫌ませ	いやませ	嫌ませ	/弥増せ/
UNSURE		いらいます	以来ます	/弄います/
ADD	入れ込んで	いれこんで	入れ紺で	/入れ込んで/
ADD	色好かった	いろよかった	色良かった	/色好かった/
ADD	色好く	いろよく	色翌	/色好く/
ADD	色好くない	いろよくない	色翌ない	/色好くない/
ADD	色好くなかった	いろよくなかった	色翌なかった	/色好くなかった/
KEEP	色良ければ	いろよければ	色良ければ	/色好ければ/
ADD	石走った	いわばしった	岩場叱咤	/石走った/
ADD	石走ったら	いわばしったら	岩場知ったら	/石走ったら/
ADD	石走って	いわばしって	岩場知って	/石走って/
KEEP	岩場知らない	いわばしらない	岩場知らない	/石走らない/
KEEP	岩場知らなかった	いわばしらなかった	岩場知らなかった	/石走らなかった/
ADD	石走りました	いわばしりました	岩場知りました	/石走りました/
ADD	石走ります	いわばしります	岩場知ります	/石走ります/
ADD	石走れ	いわばしれ	岩場知れ	/石走れ/
ADD	石走れば	いわばしれば	岩場知れば	/石走れば/
ADD	石走ろう	いわばしろう	岩場白う	/石走ろう/
ADD	忌んだ	いんだ	員だ	/忌んだ/
ADD	忌んだら	いんだら	員だら	/忌んだら/
ADD	窺い知った	うかがいしった	伺い叱咤	/窺い知った/
KEEP	伺い知ったら	うかがいしったら	伺い知ったら	/窺い知ったら/
KEEP	伺い知って	うかがいしって	伺い知って	/窺い知って/
KEEP	伺い知らない	うかがいしらない	伺い知らない	/窺い知らない/
KEEP	伺い知らなかった	うかがいしらなかった	伺い知らなかった	/窺い知らなかった/
KEEP	伺い知りました	うかがいしりました	伺い知りました	/窺い知りました/
KEEP	伺い知ります	うかがいしります	伺い知ります	/窺い知ります/
ADD	窺い知ろう	うかがいしろう	伺い白う	/窺い知ろう/
KEEP	受け	うけ	受け	/浮け/
KEEP	受けが王	うけがおう	受けが王	/肯おう/
KEEP	受け側ない	うけがわない	受け側ない	/肯わない/
KEEP	受け側なかった	うけがわなかった	受け側なかった	/肯わなかった/
KEEP	受けば	うけば	受けば	/浮けば/
KEEP	宇高	うこう	宇高	/浮こう/
ADD	打たない	うたない	歌ない	/打たない/
KEEP	歌なかった	うたなかった	歌なかった	/打たなかった/
ADD	打ち合いました	うちあいました	撃ち合いました	/打ち合いました/
ADD	打ち合います	うちあいます	撃ち合います	/打ち合います/
ADD	打ち合えば	うちあえば	内会えば	/打ち合えば/
ADD	打ち合おう	うちあおう	内合おう	/打ち合おう/
KEEP	内会った	うちあった	内会った	/打ち合った/
ADD	打ち合ったら	うちあったら	内あったら	/打ち合ったら/
ADD	打ち合って	うちあって	内あって	/打ち合って/
KEEP	内書かない	うちかかない	内書かない	/打ち欠かない/
ADD	打ち欠かなかった	うちかかなかった	内書かなかった	/打ち欠かなかった/
KEEP	打ち掛け	うちかけ	打ち掛け	/打ち欠け/
KEEP	打ち掛けば	うちかけば	打ち掛けば	/打ち欠けば/
KEEP	内か抗	うちかこう	内か抗	/打ち欠こう/
ADD	打ち勝って	うちかって	内かって	/打ち勝って/
ADD	打ち崩さない	うちくずさない	内崩さない	/打ち崩さない/
ADD	打ち崩さなかった	うちくずさなかった	内崩さなかった	/打ち崩さなかった/
ADD	打ち崩した	うちくずした	内崩した	/打ち崩した/
ADD	打ち崩したら	うちくずしたら	内崩したら	/打ち崩したら/
ADD	打ち崩して	うちくずして	内崩して	/打ち崩して/
ADD	打ち崩しました	うちくずしました	内崩しました	/打ち崩しました/
ADD	打ち崩します	うちくずします	内崩します	/打ち崩します/
ADD	打ち崩せ	うちくずせ	内崩せ	/打ち崩せ/
ADD	打ち崩せば	うちくずせば	内崩せば	/打ち崩せば/
ADD	打ち崩そう	うちくずそう	内崩そう	/打ち崩そう/
KEEP	内騒がない	うちさわがない	内騒がない	/打ち騒がない/
KEEP	内騒がなかった	うちさわがなかった	内騒がなかった	/打ち騒がなかった/
KEEP	内騒ぎました	うちさわぎました	内騒ぎました	/打ち騒ぎました/
KEEP	内騒ぎます	うちさわぎます	内騒ぎます	/打ち騒ぎます/
KEEP	内騒げ	うちさわげ	内騒げ	/打ち騒げ/
ADD	打ち騒げば	うちさわげば	内騒げば	/打ち騒げば/
KEEP	内騒ごう	うちさわごう	内騒ごう	/打ち騒ごう/
ADD	打ち鳴った	うちなった	内成った	/打ち鳴った/
ADD	打ち鳴ったら	うちなったら	内なったら	/打ち鳴ったら/
KEEP	内なって	うちなって	内なって	/打ち鳴って/
ADD	打ち鳴らない	うちならない	内ならない	/打ち鳴らない/
ADD	打ち鳴らなかった	うちならなかった	内ならなかった	/打ち鳴らなかった/
KEEP	内なりました	うちなりました	内なりました	/打ち鳴りました/
KEEP	内なります	うちなります	内なります	/打ち鳴ります/
KEEP	内慣れ	うちなれ	内慣れ	/打ち鳴れ/
KEEP	内なれば	うちなれば	内なれば	/打ち鳴れば/
KEEP	内なろう	うちなろう	内なろう	/打ち鳴ろう/
KEEP	内拉がない	うちひしがない	内拉がない	/打ち拉がない/
ADD	打ち拉ぎました	うちひしぎました	内拉ぎました	/打ち拉ぎました/
ADD	打ち拉ぎます	うちひしぎます	内拉ぎます	/打ち拉ぎます/
ADD	打ち拉げ	うちひしげ	内拉げ	/打ち拉げ/
ADD	打ち拉げば	うちひしげば	内拉げば	/打ち拉げば/
ADD	打ち拉ごう	うちひしごう	内拉ごう	/打ち拉ごう/
ADD	打ち振った	うちふった	内降った	/打ち振った/
ADD	打ち振ったら	うちふったら	内振ったら	/打ち振ったら/
ADD	打ち振って	うちふって	内振って	/打ち振って/
ADD	打ち振らない	うちふらない	内振らない	/打ち振らない/
ADD	打ち振らなかった	うちふらなかった	内振らなかった	/打ち振らなかった/
ADD	打ち振りました	うちふりました	内振りました	/打ち振りました/
ADD	打ち振ります	うちふります	内振ります	/打ち振ります/
KEEP	内触れ	うちふれ	内触れ	/打ち振れ/
ADD	打ち振れば	うちふれば	内振れば	/打ち振れば/
ADD	打ちました	うちました	内ました	/打ちました/
ADD	打ちます	うちます	内ます	/打ちます/
ADD	写し込まない	うつしこまない	移し込まない	/写し込まない/
ADD	写し込まなかった	うつしこまなかった	移し込まなかった	/写し込まなかった/
ADD	写し込みました	うつしこみました	移し込みました	/写し込みました/
ADD	写し込みます	うつしこみます	移し込みます	/写し込みます/
ADD	写し込め	うつしこめ	移し込め	/写し込め/
ADD	写し込めば	うつしこめば	移し込めば	/写し込めば/
ADD	写し込もう	うつしこもう	移し込もう	/写し込もう/
ADD	写し込んだら	うつしこんだら	移し込んだら	/写し込んだら/
ADD	写し込んで	うつしこんで	移し紺で	/写し込んで/
KEEP	移り込め	うつりこめ	移り込め	/映り込め/
KEEP	移りゆかない	うつりゆかない	移りゆかない	/移り行かない/
KEEP	移りゆかなかった	うつりゆかなかった	移りゆかなかった	/移り行かなかった/
KEEP	移りゆきました	うつりゆきました	移りゆきました	/移り行きました/
KEEP	移りゆきます	うつりゆきます	移りゆきます	/移り行きます/
KEEP	移りゆけ	うつりゆけ	移りゆけ	/移り行け/
KEEP	移りゆけば	うつりゆけば	移りゆけば	/移り行けば/
KEEP	移りゆこう	うつりゆこう	移りゆこう	/移り行こう/
KEEP	移ろう	うつろう	移ろう	/写ろう/
KEEP	右手	うて	右手	/打て/
ADD	奪い合え	うばいあえ	奪い和え	/奪い合え/
ADD	生まれ育った	うまれそだった	生まれ素だった	/生まれ育った/
KEEP	生まれもて	うまれもて	生まれもて	/生まれ持て/
KEEP	生まれもとう	うまれもとう	生まれもとう	/生まれ持とう/
KEEP	梅	うめ	梅	/生め/膿め/績め/
KEEP	羽毛	うもう	羽毛	/生もう/膿もう/績もう/
KEEP	占い	うらない	占い	/売らない/
KEEP	裏なかった	うらなかった	裏なかった	/売らなかった/
KEEP	裏網	うらもう	裏網	/恨もう/
ADD	うら若かった	うらわかかった	裏若かった	/うら若かった/
ADD	うら若く	うらわかく	裏若く	/うら若く/
ADD	うら若くない	うらわかくない	裏若くない	/うら若くない/
ADD	うら若くなかった	うらわかくなかった	裏若くなかった	/うら若くなかった/
ADD	うら若ければ	うらわかければ	裏若ければ	/うら若ければ/
ADD	恨んで	うらんで	裏んで	/恨んで/
ADD	売り歩きました	うりあるきました	瓜歩きました	/売り歩きました/
ADD	売り歩きます	うりあるきます	瓜歩きます	/売り歩きます/
ADD	売り歩けば	うりあるけば	瓜歩けば	/売り歩けば/
ADD	売り越さない	うりこさない	瓜越さない	/売り越さない/
ADD	売り越した	うりこした	瓜漉した	/売り越した/
ADD	売り越したら	うりこしたら	瓜漉したら	/売り越したら/
ADD	売り越して	うりこして	瓜漉して	/売り越して/
ADD	売り越しました	うりこしました	瓜漉しました	/売り越しました/
ADD	売り越します	うりこします	瓜漉します	/売り越します/
ADD	売り越せ	うりこせ	瓜漉せ	/売り越せ/
ADD	売り越せば	うりこせば	瓜漉せば	/売り越せば/
ADD	売り渋った	うりしぶった	瓜渋った	/売り渋った/
ADD	売り渋ったら	うりしぶったら	瓜渋ったら	/売り渋ったら/
ADD	売り渋って	うりしぶって	瓜渋って	/売り渋って/
ADD	売り渋らない	うりしぶらない	瓜渋らない	/売り渋らない/
ADD	売り渋らなかった	うりしぶらなかった	瓜渋らなかった	/売り渋らなかった/
ADD	売り渋りました	うりしぶりました	瓜渋りました	/売り渋りました/
ADD	売り渋ります	うりしぶります	瓜渋ります	/売り渋ります/
ADD	売り渋れば	うりしぶれば	瓜渋れば	/売り渋れば/
ADD	売り渋ろう	うりしぶろう	瓜渋ろう	/売り渋ろう/
ADD	潤め	うるめ	潤目	/潤め/
ADD	売ろう	うろう	傴僂	/売ろう/
ADD	生んだら	うんだら	運だら	/生んだら/膿んだら/績んだら/
KEEP	得め	えめ	得め	/笑め/
ADD	選らなかった	えらなかった	偉なかった	/選らなかった/
KEEP	得れ	えれ	得れ	/選れ/
KEEP	得れば	えれば	得れば	/選れば/
KEEP	得ろければ	えろければ	得ろければ	/エロければ/
KEEP	遠田	えんだ	遠田	/笑んだ/
KEEP	置いたって	おいたって	置いたって	/生い立って/
ADD	生い立て	おいたて	置いたて	/生い立て/
ADD	生い立とう	おいたとう	置いた等	/生い立とう/
KEEP	置います	おいます	置います	/負います/追います/
KEEP	置い野郎	おいやろう	置い野郎	/追い遣ろう/
KEEP	小江	おえ	小江	/負え/追え/
KEEP	覆う	おおう	覆う	/負おう/追おう/
KEEP	置かせ	おかせ	置かせ	/犯せ/
KEEP	起きました	おきました	起きました	/置きました/於きました/
KEEP	起きます	おきます	起きます	/置きます/於きます/
ADD	送り倒さない	おくりたおさない	贈り倒さない	/送り倒さない/
ADD	送り倒さなかった	おくりたおさなかった	贈り倒さなかった	/送り倒さなかった/
ADD	送り倒せ	おくりたおせ	贈り倒せ	/送り倒せ/
ADD	送り倒せば	おくりたおせば	贈り倒せば	/送り倒せば/
ADD	送り倒そう	おくりたおそう	贈り倒そう	/送り倒そう/
KEEP	遅れ	おくれ	遅れ	/送れ/贈れ/
KEEP	桶	おけ	桶	/置け/
KEEP	お香	おこう	お香	/置こう/於こう/
ADD	怒った	おこった	起こった	/怒った/
ADD	怒ったら	おこったら	起こったら	/怒ったら/
ADD	怒って	おこって	起こって	/怒って/
ADD	怒らない	おこらない	起こらない	/怒らない/
KEEP	起こらなかった	おこらなかった	起こらなかった	/怒らなかった/
ADD	怒れば	おこれば	起これば	/怒れば/
ADD	怒ろう	おころう	起ころう	/怒ろう/
KEEP	幼い	おさない	幼い	/押さない/
ADD	押し合った	おしあった	惜し会った	/押し合った/
ADD	押し合ったら	おしあったら	惜しあったら	/押し合ったら/
ADD	押し合って	おしあって	惜しあって	/押し合って/
KEEP	惜しいだけ	おしいだけ	惜しいだけ	/押し抱け/
KEEP	惜しいだけば	おしいだけば	惜しいだけば	/押し抱けば/
ADD	押し抱こう	おしいだこう	惜しいだ抗	/押し抱こう/
KEEP	惜しいって	おしいって	惜しいって	/押し入って/
ADD	教え込め	おしえこめ	押絵込め	/教え込め/
ADD	教え込もう	おしえこもう	押絵こもう	/教え込もう/
ADD	押し進まない	おしすすまない	惜し進まない	/押し進まない/
ADD	押し進まなかった	おしすすまなかった	惜し進まなかった	/押し進まなかった/
ADD	押し進んだ	おしすすんだ	惜し進んだ	/押し進んだ/
ADD	押し進んだら	おしすすんだら	惜し進んだら	/押し進んだら/
ADD	押し進んで	おしすすんで	惜し進んで	/押し進んで/
ADD	押して	おして	押手	/押して/
ADD	押し破った	おしやぶった	惜し破った	/押し破った/
ADD	押し破ったら	おしやぶったら	惜し破ったら	/押し破ったら/
ADD	押し破って	おしやぶって	惜し破って	/押し破って/
ADD	押し破らない	おしやぶらない	惜し破らない	/押し破らない/
ADD	押し破らなかった	おしやぶらなかった	惜し破らなかった	/押し破らなかった/
ADD	押し破りました	おしやぶりました	惜し破りました	/押し破りました/
ADD	押し破ります	おしやぶります	惜し破ります	/押し破ります/
ADD	押し破れ	おしやぶれ	惜し破れ	/押し破れ/
ADD	押し破れば	おしやぶれば	惜し破れば	/押し破れば/
ADD	押し破ろう	おしやぶろう	惜し破ろう	/押し破ろう/
KEEP	尾瀬	おせ	尾瀬	/押せ/
KEEP	襲う	おそう	襲う	/押そう/
ADD	落ちなかった	おちなかった	越智なかった	/落ちなかった/
ADD	追って	おって	追手	/負って/追って/折って/織って/
ADD	男臭く	おとこくさく	男句作	/男臭く/
ADD	男臭くない	おとこくさくない	男句作ない	/男臭くない/
ADD	男臭くなかった	おとこくさくなかった	男句作なかった	/男臭くなかった/
ADD	踊り込まない	おどりこまない	躍り込まない	/踊り込まない/
ADD	踊り込まなかった	おどりこまなかった	躍り込まなかった	/踊り込まなかった/
ADD	踊り込みました	おどりこみました	躍り込みました	/踊り込みました/
ADD	踊り込みます	おどりこみます	躍り込みます	/踊り込みます/
ADD	踊り込め	おどりこめ	躍り込め	/踊り込め/
ADD	踊り込めば	おどりこめば	躍り込めば	/踊り込めば/
ADD	踊り込もう	おどりこもう	躍り込もう	/踊り込もう/
ADD	踊り込んだ	おどりこんだ	躍り込んだ	/踊り込んだ/
ADD	踊り込んだら	おどりこんだら	躍り込んだら	/踊り込んだら/
ADD	踊り込んで	おどりこんで	躍り込んで	/踊り込んで/
ADD	踊れ	おどれ	己	/踊れ/
ADD	思い至ったら	おもいいたったら	重い至ったら	/思い至ったら/
ADD	思い至らない	おもいいたらない	重い至らない	/思い至らない/
ADD	思い至らなかった	おもいいたらなかった	重い至らなかった	/思い至らなかった/
ADD	思い至りました	おもいいたりました	重い至りました	/思い至りました/
ADD	思い至ります	おもいいたります	重い至ります	/思い至ります/
ADD	思い至れば	おもいいたれば	重い至れば	/思い至れば/
ADD	思い入った	おもいいった	思い行った	/思い入った/
ADD	思い入ったら	おもいいったら	重い言ったら	/思い入ったら/
ADD	思い入って	おもいいって	思い行って	/思い入って/
KEEP	重い要らない	おもいいらない	重い要らない	/思い入らない/
ADD	思い入らなかった	おもいいらなかった	重い要らなかった	/思い入らなかった/
ADD	思い入ろう	おもいいろう	重い要ろう	/思い入ろう/
ADD	思い巡った	おもいめぐった	重い巡った	/思い巡った/
ADD	思い巡ったら	おもいめぐったら	重い巡ったら	/思い巡ったら/
ADD	思い巡って	おもいめぐって	重い巡って	/思い巡って/
ADD	思い巡らない	おもいめぐらない	重い巡らない	/思い巡らない/
ADD	思い巡らなかった	おもいめぐらなかった	重い巡らなかった	/思い巡らなかった/
ADD	思い巡りました	おもいめぐりました	重い巡りました	/思い巡りました/
ADD	思い巡ります	おもいめぐります	重い巡ります	/思い巡ります/
ADD	思い巡れば	おもいめぐれば	重い巡れば	/思い巡れば/
ADD	思い巡ろう	おもいめぐろう	重い巡ろう	/思い巡ろう/
KEEP	主だったら	おもだったら	主だったら	/主立ったら/
ADD	折り合ったら	おりあったら	檻あったら	/折り合ったら/
ADD	折り入った	おりいった	檻行った	/折り入った/
ADD	折り入ったら	おりいったら	檻言ったら	/折り入ったら/
ADD	折り入らない	おりいらない	檻要らない	/折り入らない/
ADD	折り入らなかった	おりいらなかった	檻要らなかった	/折り入らなかった/
ADD	折り入ろう	おりいろう	檻要ろう	/折り入ろう/
ADD	折り取って	おりとって	檻取って	/折り取って/
ADD	折り取らない	おりとらない	檻取らない	/折り取らない/
ADD	折り取らなかった	おりとらなかった	檻取らなかった	/折り取らなかった/
ADD	折り取りました	おりとりました	檻取りました	/折り取りました/
ADD	折り取ります	おりとります	檻取ります	/折り取ります/
KEEP	居ります	おります	居ります	/折ります/織ります/
KEEP	俺	おれ	俺	/織れ/
KEEP	回煽った	かいあおった	回煽った	/買い煽った/
KEEP	回煽ったら	かいあおったら	回煽ったら	/買い煽ったら/
KEEP	回煽って	かいあおって	回煽って	/買い煽って/
KEEP	回煽らない	かいあおらない	回煽らない	/買い煽らない/
KEEP	回煽らなかった	かいあおらなかった	回煽らなかった	/買い煽らなかった/
KEEP	回煽れば	かいあおれば	回煽れば	/買い煽れば/
KEEP	回煽ろう	かいあおろう	回煽ろう	/買い煽ろう/
ADD	買い置かない	かいおかない	回置かない	/買い置かない/
ADD	買い置かなかった	かいおかなかった	回置かなかった	/買い置かなかった/
ADD	買い置け	かいおけ	回置け	/買い置け/
ADD	買い置けば	かいおけば	回置けば	/買い置けば/
ADD	買い置こう	かいおこう	回置こう	/買い置こう/
ADD	買い込まない	かいこまない	甲斐駒ない	/買い込まない/
ADD	買い込みました	かいこみました	解雇見ました	/買い込みました/
ADD	買い込みます	かいこみます	解雇見ます	/買い込みます/
ADD	買い込もう	かいこもう	解雇網	/買い込もう/
ADD	買い込んだ	かいこんだ	開墾だ	/買い込んだ/
ADD	買い込んだら	かいこんだら	開墾だら	/買い込んだら/
ADD	買い渋った	かいしぶった	回渋った	/買い渋った/
ADD	買い渋ったら	かいしぶったら	回渋ったら	/買い渋ったら/
ADD	買い渋って	かいしぶって	回渋って	/買い渋って/
ADD	買い渋らない	かいしぶらない	回渋らない	/買い渋らない/
ADD	買い渋らなかった	かいしぶらなかった	回渋らなかった	/買い渋らなかった/
ADD	買い渋れば	かいしぶれば	回渋れば	/買い渋れば/
KEEP	回渋ろう	かいしぶろう	回渋ろう	/買い渋ろう/
ADD	書いた	かいた	回た	/書いた/欠いた/掻いた/
ADD	買い足さない	かいたさない	か致さない	/買い足さない/
ADD	買い足さなかった	かいたさなかった	か致さなかった	/買い足さなかった/
ADD	買い足した	かいたした	か致した	/買い足した/
ADD	買い足したら	かいたしたら	か致したら	/買い足したら/
ADD	買い足して	かいたして	か致して	/買い足して/
KEEP	か致しました	かいたしました	か致しました	/買い足しました/
KEEP	か致します	かいたします	か致します	/買い足します/
ADD	買い足せ	かいたせ	か致せ	/買い足せ/
ADD	買い足せば	かいたせば	か致せば	/買い足せば/
ADD	買い足そう	かいたそう	か致そう	/買い足そう/
ADD	書いたら	かいたら	回たら	/書いたら/欠いたら/掻いたら/
KEEP	開田	かいだ	開田	/嗅いだ/
ADD	嗅いだら	かいだら	回だら	/嗅いだら/
ADD	書いて	かいて	回て	/書いて/欠いて/掻いて/
KEEP	回で	かいで	回で	/嗅いで/
ADD	買いました	かいました	回ました	/買いました/飼いました/交いました/支いました/
ADD	買います	かいます	回ます	/買います/飼います/交います/
KEEP	替え	かえ	替え	/買え/飼え/
ADD	返せ	かえせ	変えせ	/返せ/孵せ/
KEEP	却って	かえって	却って	/返って/孵って/
ADD	返れ	かえれ	変えれ	/返れ/孵れ/
KEEP	変えれば	かえれば	変えれば	/返れば/孵れば/
ADD	香り立たない	かおりたたない	か下り立たない	/香り立たない/
ADD	香り立たなかった	かおりたたなかった	か下り立たなかった	/香り立たなかった/
ADD	香り立ちました	かおりたちました	か下り立ちました	/香り立ちました/
ADD	香り立ちます	かおりたちます	か下り立ちます	/香り立ちます/
ADD	香り立ったら	かおりたったら	香り経ったら	/香り立ったら/
ADD	香り立って	かおりたって	香りたって	/香り立って/
ADD	香り立て	かおりたて	カオリ縦	/香り立て/
ADD	香り立てば	かおりたてば	か下り立てば	/香り立てば/
ADD	香り立とう	かおりたとう	香り経とう	/香り立とう/
ADD	香れ	かおれ	か俺	/香れ/
KEEP	掛かった	かかった	掛かった	/罹った/
KEEP	掛かったら	かかったら	掛かったら	/罹ったら/
KEEP	掛かって	かかって	掛かって	/罹って/
KEEP	掛からない	かからない	掛からない	/罹らない/
KEEP	掛からなかった	かからなかった	掛からなかった	/罹らなかった/
KEEP	掛かりました	かかりました	掛かりました	/罹りました/
KEEP	掛かります	かかります	掛かります	/罹ります/
KEEP	掛かれ	かかれ	掛かれ	/罹れ/
KEEP	掛かれば	かかれば	掛かれば	/罹れば/
KEEP	掛かろう	かかろう	掛かろう	/罹ろう/
ADD	屈もう	かがもう	かが網	/屈もう/
ADD	書き誤った	かきあやまった	下記謝った	/書き誤った/
ADD	書き誤ったら	かきあやまったら	下記謝ったら	/書き誤ったら/
ADD	書き誤って	かきあやまって	下記謝って	/書き誤って/
ADD	書き誤らない	かきあやまらない	下記謝らない	/書き誤らない/
ADD	書き誤らなかった	かきあやまらなかった	下記謝らなかった	/書き誤らなかった/
ADD	書き誤りました	かきあやまりました	下記謝りました	/書き誤りました/
ADD	書き誤ります	かきあやまります	下記謝ります	/書き誤ります/
ADD	書き誤れ	かきあやまれ	下記謝れ	/書き誤れ/
ADD	書き誤れば	かきあやまれば	下記謝れば	/書き誤れば/
ADD	書き誤ろう	かきあやまろう	下記謝ろう	/書き誤ろう/
ADD	書き写さない	かきうつさない	下記移さない	/書き写さない/
ADD	書き写さなかった	かきうつさなかった	下記移さなかった	/書き写さなかった/
ADD	書き写した	かきうつした	下記移した	/書き写した/
ADD	書き写したら	かきうつしたら	下記移したら	/書き写したら/
ADD	書き写して	かきうつして	下記移して	/書き写して/
ADD	書き写しました	かきうつしました	下記移しました	/書き写しました/
ADD	書き写します	かきうつします	下記移します	/書き写します/
ADD	書き写せ	かきうつせ	下記移せ	/書き写せ/
ADD	書き写せば	かきうつせば	下記移せば	/書き写せば/
ADD	書き置かない	かきおかない	柿岡ない	/書き置かない/
ADD	書き置かなかった	かきおかなかった	柿岡なかった	/書き置かなかった/
ADD	書き置け	かきおけ	下記置け	/書き置け/
ADD	書き置けば	かきおけば	下記置けば	/書き置けば/
ADD	書き置こう	かきおこう	下記置こう	/書き置こう/
ADD	掻き切った	かききった	下記切った	/掻き切った/
ADD	掻き切ったら	かききったら	下記切ったら	/掻き切ったら/
ADD	掻き切って	かききって	下記切って	/掻き切って/
ADD	掻き切らない	かききらない	下記切らない	/掻き切らない/
ADD	掻き切らなかった	かききらなかった	下記切らなかった	/掻き切らなかった/
ADD	掻き切りました	かききりました	下記切りました	/掻き切りました/
ADD	掻き切ります	かききります	下記切ります	/掻き切ります/
ADD	掻き切れ	かききれ	下記切れ	/掻き切れ/
ADD	掻き切れば	かききれば	下記切れば	/掻き切れば/
ADD	掻き切ろう	かききろう	下記切ろう	/掻き切ろう/
ADD	書き崩さない	かきくずさない	下記崩さない	/書き崩さない/
ADD	書き崩さなかった	かきくずさなかった	下記崩さなかった	/書き崩さなかった/
ADD	書き崩した	かきくずした	下記崩した	/書き崩した/
ADD	書き崩したら	かきくずしたら	下記崩したら	/書き崩したら/
ADD	書き崩して	かきくずして	下記崩して	/書き崩して/
ADD	書き崩しました	かきくずしました	下記崩しました	/書き崩しました/
ADD	書き崩します	かきくずします	下記崩します	/書き崩します/
ADD	書き崩せ	かきくずせ	下記崩せ	/書き崩せ/
ADD	書き崩せば	かきくずせば	下記崩せば	/書き崩せば/
ADD	書き崩そう	かきくずそう	下記崩そう	/書き崩そう/
ADD	書き足さない	かきたさない	か来さない	/書き足さない/
ADD	書き足さなかった	かきたさなかった	か来さなかった	/書き足さなかった/
ADD	書き足した	かきたした	か来した	/書き足した/
ADD	書き足したら	かきたしたら	か北設楽	/書き足したら/
ADD	書き足して	かきたして	か来して	/書き足して/
ADD	書き足しました	かきたしました	か来しました	/書き足しました/
ADD	書き足します	かきたします	か来します	/書き足します/
ADD	書き足せば	かきたせば	か来せば	/書き足せば/
ADD	書き継がない	かきつがない	下記継がない	/書き継がない/
ADD	書き継ぎました	かきつぎました	下記次ました	/書き継ぎました/
ADD	書き継げ	かきつげ	下記告げ	/書き継げ/
ADD	書き継げば	かきつげば	下記継げば	/書き継げば/
ADD	書き継ごう	かきつごう	下記都合	/書き継ごう/
ADD	書き取った	かきとった	掻き取った	/書き取った/
ADD	書き取ったら	かきとったら	掻き取ったら	/書き取ったら/
ADD	書き取って	かきとって	掻き取って	/書き取って/
ADD	書き取らない	かきとらない	掻き取らない	/書き取らない/
ADD	書き取らなかった	かきとらなかった	掻き取らなかった	/書き取らなかった/
ADD	書き取りました	かきとりました	掻き取りました	/書き取りました/
ADD	書き取ります	かきとります	掻き取ります	/書き取ります/
ADD	書き取れ	かきとれ	掻き取れ	/書き取れ/
ADD	書き取れば	かきとれば	掻き取れば	/書き取れば/
ADD	書き取ろう	かきとろう	掻き取ろう	/書き取ろう/
ADD	書き直さない	かきなおさない	下記直さない	/書き直さない/
ADD	書き直さなかった	かきなおさなかった	下記直さなかった	/書き直さなかった/
ADD	書き直せ	かきなおせ	下記直せ	/書き直せ/
ADD	書き直せば	かきなおせば	下記直せば	/書き直せば/
ADD	書き直そう	かきなおそう	下記直そう	/書き直そう/
ADD	書きました	かきました	下記ました	/書きました/欠きました/掻きました/
ADD	書きます	かきます	下記ます	/書きます/欠きます/掻きます/
KEEP	鍵ついて	かぎついて	鍵ついて	/嗅ぎ付いて/
UNSURE		かぎつきました	鍵月ました	/嗅ぎ付きました/
ADD	嗅ぎ付きます	かぎつきます	嗅ぎ月ます	/嗅ぎ付きます/
KEEP	鍵つ抗	かぎつこう	鍵つ抗	/嗅ぎ付こう/
ADD	隠した	かくした	格下	/隠した/
KEEP	斯くして	かくして	斯くして	/隠して/
ADD	隠せ	かくせ	画せ	/隠せ/
KEEP	各層	かくそう	各層	/隠そう/
KEEP	賭け	かけ	賭け	/書け/掻け/
ADD	掛け合ったら	かけあったら	賭けあったら	/掛け合ったら/
ADD	掛け違える	かけちがえる	か蹴違える	/掛け違える/
KEEP	欠片なかった	かけらなかった	欠片なかった	/翔らなかった/
KEEP	掛ける	かける	掛ける	/欠ける/
KEEP	掛けれ	かけれ	掛けれ	/翔れ/
KEEP	掛ければ	かければ	掛ければ	/翔れば/
ADD	掛け渡さない	かけわたさない	賭け渡さない	/架け渡さない/掛け渡さない/
ADD	掛け渡さなかった	かけわたさなかった	賭け渡さなかった	/架け渡さなかった/掛け渡さなかった/
ADD	掛け渡せ	かけわたせ	賭け渡せ	/架け渡せ/掛け渡せ/
ADD	掛け渡せば	かけわたせば	賭け渡せば	/架け渡せば/掛け渡せば/
ADD	掛け渡そう	かけわたそう	駆け渡そう	/架け渡そう/掛け渡そう/
KEEP	陰	かげ	陰	/嗅げ/
KEEP	陰ば	かげば	陰ば	/嗅げば/
KEEP	陽炎	かげろう	陽炎	/陰ろう/
ADD	囲い込もう	かこいこもう	囲いこもう	/囲い込もう/
ADD	囲い込んで	かこいこんで	囲い紺で	/囲い込んで/
KEEP	加工	かこう	加工	/書こう/掻こう/
KEEP	過去て	かこて	過去て	/託て/
ADD	貸さない	かさない	傘ない	/貸さない/仮さない/
ADD	貸さなかった	かさなかった	傘なかった	/貸さなかった/仮さなかった/
KEEP	重ね和え	かさねあえ	重ね和え	/重ね合え/
ADD	重ね合った	かさねあった	重ね会った	/重ね合った/
KEEP	重ねあったら	かさねあったら	重ねあったら	/重ね合ったら/
ADD	重ね合って	かさねあって	重ねあって	/重ね合って/
ADD	嵩もう	かさもう	かさ網	/嵩もう/
ADD	嵩んだら	かさんだら	加算だら	/嵩んだら/
KEEP	下肢がなかった	かしがなかった	下肢がなかった	/炊がなかった/傾がなかった/
ADD	貸し切った	かしきった	か仕切った	/貸し切った/
ADD	貸し切ったら	かしきったら	か仕切ったら	/貸し切ったら/
ADD	貸し切って	かしきって	か仕切って	/貸し切って/
ADD	貸し切らない	かしきらない	か仕切らない	/貸し切らない/
ADD	貸し切らなかった	かしきらなかった	か仕切らなかった	/貸し切らなかった/
ADD	貸し切りました	かしきりました	か仕切りました	/貸し切りました/
ADD	貸し切ります	かしきります	か仕切ります	/貸し切ります/
ADD	貸し切れば	かしきれば	か仕切れば	/貸し切れば/
ADD	貸し切ろう	かしきろう	か仕切ろう	/貸し切ろう/
KEEP	傾げ	かしげ	傾げ	/炊げ/
ADD	貸し渋った	かししぶった	下肢渋った	/貸し渋った/
ADD	貸し渋ったら	かししぶったら	下肢渋ったら	/貸し渋ったら/
ADD	貸し渋って	かししぶって	下肢渋って	/貸し渋って/
ADD	貸し渋らない	かししぶらない	下肢渋らない	/貸し渋らない/
ADD	貸し渋らなかった	かししぶらなかった	下肢渋らなかった	/貸し渋らなかった/
ADD	貸し渋れば	かししぶれば	下肢渋れば	/貸し渋れば/
KEEP	下肢渋ろう	かししぶろう	下肢渋ろう	/貸し渋ろう/
ADD	貸して	かして	貸し手	/貸して/
KEEP	掠め	かすめ	掠め	/霞め/
KEEP	仮想	かそう	仮想	/貸そう/
KEEP	片瀬	かたせ	片瀬	/片せ/
KEEP	硬ない	かたない	硬ない	/勝たない/
ADD	勝たなかった	かたなかった	硬なかった	/勝たなかった/
ADD	語り合え	かたりあえ	語り和え	/語り合え/
ADD	語り合えば	かたりあえば	騙り合えば	/語り合えば/
ADD	語り合おう	かたりあおう	騙り合おう	/語り合おう/
ADD	語り合った	かたりあった	語り会った	/語り合った/
ADD	語り合ったら	かたりあったら	語りあったら	/語り合ったら/
ADD	語り合って	かたりあって	語りあって	/語り合って/
ADD	語り合わない	かたりあわない	騙り合わない	/語り合わない/
ADD	語り合わなかった	かたりあわなかった	騙り合わなかった	/語り合わなかった/
ADD	語り聞いた	かたりきいた	騙り聞いた	/語り聞いた/
ADD	語り聞いたら	かたりきいたら	騙り聞いたら	/語り聞いたら/
ADD	語り聞いて	かたりきいて	騙り聞いて	/語り聞いて/
ADD	語り聞かない	かたりきかない	騙り利かない	/語り聞かない/
ADD	語り聞かなかった	かたりきかなかった	騙り利かなかった	/語り聞かなかった/
ADD	語り聞きました	かたりききました	語り機器ました	/語り聞きました/
ADD	語り聞きます	かたりききます	語り機器ます	/語り聞きます/
ADD	語り聞け	かたりきけ	騙り聞け	/語り聞け/
ADD	語り聞こう	かたりきこう	騙り機構	/語り聞こう/
ADD	勝ち残った	かちのこった	価値の凝った	/勝ち残った/
ADD	勝ち残ったら	かちのこったら	価値の凝ったら	/勝ち残ったら/
ADD	勝ち残って	かちのこって	価値の凝って	/勝ち残って/
ADD	勝ち残らない	かちのこらない	価値の凝らない	/勝ち残らない/
ADD	勝ち残ります	かちのこります	価値の凝ります	/勝ち残ります/
ADD	勝ち残れ	かちのこれ	価値の此れ	/勝ち残れ/
ADD	勝ち残れば	かちのこれば	価値の此れば	/勝ち残れば/
ADD	勝ち残ろう	かちのころう	価値の古老	/勝ち残ろう/
KEEP	勝手	かって	勝手	/買って/勝って/駆って/飼って/交って/支って/借って/狩って/刈って/
KEEP	勝つがない	かつがない	勝つがない	/担がない/
KEEP	渇仰	かつごう	渇仰	/担ごう/
KEEP	糧	かて	糧	/勝て/
KEEP	加藤	かとう	加藤	/勝とう/
KEEP	鼎	かなえ	鼎	/敵え/
KEEP	紙切れ	かみきれ	紙切れ	/噛み切れ/
ADD	噛みました	かみました	神ました	/噛みました/
ADD	噛みます	かみます	神ます	/噛みます/
KEEP	蒲生	かもう	蒲生	/噛もう/
UNSURE		かもった	か持った	/鴨った/
UNSURE		かもったら	か持ったら	/鴨ったら/
KEEP	か持って	かもって	か持って	/鴨って/
ADD	鴨らない	かもらない	か盛らない	/鴨らない/
ADD	鴨らなかった	かもらなかった	か盛らなかった	/鴨らなかった/
ADD	鴨りました	かもりました	か森ました	/鴨りました/
ADD	鴨ります	かもります	か森ます	/鴨ります/
KEEP	か漏れ	かもれ	か漏れ	/鴨れ/
ADD	鴨れば	かもれば	か盛れば	/鴨れば/
ADD	鴨ろう	かもろう	か脆う	/鴨ろう/
KEEP	駆らせ	からせ	駆らせ	/枯らせ/
UNSURE		かりいった	借り行った	/借り入った/
KEEP	仮要らない	かりいらない	仮要らない	/借り入らない/
ADD	借り入らなかった	かりいらなかった	仮要らなかった	/借り入らなかった/
KEEP	かりい郎	かりいろう	かりい郎	/借り入ろう/
KEEP	借りました	かりました	借りました	/駆りました/狩りました/刈りました/
KEEP	借ります	かります	借ります	/駆ります/狩ります/刈ります/
KEEP	彼	かれ	彼	/駆れ/借れ/狩れ/刈れ/
ADD	駆れば	かれば	彼ば	/駆れば/借れば/狩れば/刈れば/
KEEP	河毛	かわけ	河毛	/乾け/
KEEP	交わさない	かわさない	交わさない	/躱さない/
KEEP	交わさなかった	かわさなかった	交わさなかった	/躱さなかった/
KEEP	交わしたら	かわしたら	交わしたら	/躱したら/
ADD	躱して	かわして	交わして	/躱して/
KEEP	交わしました	かわしました	交わしました	/躱しました/
KEEP	交わします	かわします	交わします	/躱します/
KEEP	為替	かわせ	為替	/躱せ/
KEEP	交わせば	かわせば	交わせば	/躱せば/
KEEP	交わそう	かわそう	交わそう	/躱そう/
ADD	買わない	かわない	皮ない	/買わない/飼わない/交わない/支わない/
ADD	買わなかった	かわなかった	皮なかった	/買わなかった/飼わなかった/交わなかった/支わなかった/
ADD	鑑みない	かんがみない	管が見ない	/鑑みない/
ADD	気負います	きおいます	き置います	/気負います/
ADD	気負おう	きおおう	きお王	/気負おう/
ADD	聞き誤った	ききあやまった	機器謝った	/聞き誤った/
ADD	聞き誤ったら	ききあやまったら	機器謝ったら	/聞き誤ったら/
ADD	聞き誤って	ききあやまって	機器謝って	/聞き誤って/
ADD	聞き誤らない	ききあやまらない	機器謝らない	/聞き誤らない/
ADD	聞き誤らなかった	ききあやまらなかった	機器謝らなかった	/聞き誤らなかった/
ADD	聞き誤りました	ききあやまりました	機器謝りました	/聞き誤りました/
ADD	聞き誤ります	ききあやまります	機器謝ります	/聞き誤ります/
ADD	聞き誤れ	ききあやまれ	機器謝れ	/聞き誤れ/
ADD	聞き誤れば	ききあやまれば	機器謝れば	/聞き誤れば/
ADD	聞き誤ろう	ききあやまろう	機器謝ろう	/聞き誤ろう/
ADD	聞き知った	ききしった	機器叱咤	/聞き知った/
ADD	聞き知ったら	ききしったら	機器知ったら	/聞き知ったら/
ADD	聞き知って	ききしって	機器知って	/聞き知って/
ADD	聞き知らない	ききしらない	機器知らない	/聞き知らない/
ADD	聞き知らなかった	ききしらなかった	機器知らなかった	/聞き知らなかった/
ADD	聞き知りました	ききしりました	機器知りました	/聞き知りました/
ADD	聞き知ります	ききしります	機器知ります	/聞き知ります/
ADD	聞き知れ	ききしれ	機器知れ	/聞き知れ/
ADD	聞き知れば	ききしれば	機器知れば	/聞き知れば/
ADD	聞き知ろう	ききしろう	機器知ろう	/聞き知ろう/
ADD	聞き直さない	ききなおさない	機器直さない	/聞き直さない/
ADD	聞き直さなかった	ききなおさなかった	機器直さなかった	/聞き直さなかった/
ADD	聞き直した	ききなおした	機器直した	/聞き直した/
ADD	聞き直したら	ききなおしたら	機器直したら	/聞き直したら/
ADD	聞き直して	ききなおして	機器直して	/聞き直して/
ADD	聞き直しました	ききなおしました	機器直しました	/聞き直しました/
ADD	聞き直します	ききなおします	機器直します	/聞き直します/
ADD	聞き直せ	ききなおせ	機器直せ	/聞き直せ/
ADD	聞き直せば	ききなおせば	機器直せば	/聞き直せば/
ADD	聞き直そう	ききなおそう	機器直そう	/聞き直そう/
ADD	聞きました	ききました	機器ました	/聞きました/利きました/
ADD	聞きます	ききます	機器ます	/聞きます/利きます/
KEEP	機構	きこう	機構	/聞こう/利こう/
KEEP	気障せ	きざせ	気障せ	/兆せ/
ADD	刻み付きました	きざみつきました	刻み月ました	/刻み付きました/
ADD	刻み付きます	きざみつきます	刻み月ます	/刻み付きます/
ADD	刻み付こう	きざみつこう	刻みつ抗	/刻み付こう/
ADD	刻もう	きざもう	気障網	/刻もう/
KEEP	北	きた	北	/着た/
ADD	着たら	きたら	喜多羅	/着たら/
ADD	着て	きて	来手	/着て/
KEEP	機内	きない	機内	/着ない/
UNSURE		きながさない	気長佐内	/着流さない/
UNSURE		きながさなかった	気長差なかった	/着流さなかった/
KEEP	気長せ	きながせ	気長せ	/着流せ/
KEEP	気長せば	きながせば	気長せば	/着流せば/
KEEP	来ました	きました	来ました	/着ました/
KEEP	来ます	きます	来ます	/着ます/
KEEP	き回さない	きまわさない	き回さない	/着回さない/
ADD	着回さなかった	きまわさなかった	き回さなかった	/着回さなかった/
ADD	着回した	きまわした	き回した	/着回した/
ADD	着回したら	きまわしたら	き回したら	/着回したら/
KEEP	き回して	きまわして	き回して	/着回して/
ADD	着回しました	きまわしました	き回しました	/着回しました/
ADD	着回します	きまわします	き回します	/着回します/
ADD	着回せ	きまわせ	き回せ	/着回せ/
ADD	着回せば	きまわせば	き回せば	/着回せば/
ADD	着回そう	きまわそう	き回そう	/着回そう/
KEEP	器用	きよう	器用	/着よう/
ADD	嫌って	きらって	綺羅って	/嫌って/
ADD	切り殺さない	きりころさない	きり殺さない	/切り殺さない/
ADD	切り殺さなかった	きりころさなかった	きり殺さなかった	/切り殺さなかった/
ADD	切り殺した	きりころした	きり殺した	/切り殺した/
ADD	切り殺したら	きりころしたら	きり殺したら	/切り殺したら/
ADD	切り殺して	きりころして	きり殺して	/切り殺して/
ADD	切り殺しました	きりころしました	きり殺しました	/切り殺しました/
ADD	切り殺します	きりころします	きり殺します	/切り殺します/
ADD	切り殺せ	きりころせ	きり殺せ	/切り殺せ/
ADD	切り殺せば	きりころせば	きり殺せば	/切り殺せば/
ADD	切り直さない	きりなおさない	きり直さない	/切り直さない/
ADD	切り直さなかった	きりなおさなかった	きり直さなかった	/切り直さなかった/
ADD	切り直した	きりなおした	きり直した	/切り直した/
ADD	切り直したら	きりなおしたら	きり直したら	/切り直したら/
ADD	切り直して	きりなおして	きり直して	/切り直して/
ADD	切り直しました	きりなおしました	きり直しました	/切り直しました/
ADD	切り直します	きりなおします	きり直します	/切り直します/
ADD	切り直せ	きりなおせ	きり直せ	/切り直せ/
ADD	切り直せば	きりなおせば	きり直せば	/切り直せば/
ADD	切り直そう	きりなおそう	きり直そう	/切り直そう/
ADD	切り戻さない	きりもどさない	きり戻さない	/切り戻さない/
ADD	切り戻さなかった	きりもどさなかった	きり戻さなかった	/切り戻さなかった/
ADD	切り戻した	きりもどした	きり戻した	/切り戻した/
ADD	切り戻したら	きりもどしたら	きり戻したら	/切り戻したら/
ADD	切り戻して	きりもどして	きり戻して	/切り戻して/
ADD	切り戻しました	きりもどしました	きり戻しました	/切り戻しました/
ADD	切り戻します	きりもどします	きり戻します	/切り戻します/
ADD	切り戻せ	きりもどせ	きり戻せ	/切り戻せ/
ADD	切り戻せば	きりもどせば	きり戻せば	/切り戻せば/
ADD	切り戻そう	きりもどそう	きり戻そう	/切り戻そう/
KEEP	切ろ	きろ	切ろ	/着ろ/
KEEP	九会	くえ	九会	/食え/
KEEP	く汲まない	くくまない	く汲まない	/銜まない/
UNSURE		くくまなかった	く汲まなかった	/銜まなかった/
UNSURE		くくみました	く汲みました	/銜みました/
UNSURE		くくみます	く汲みます	/銜みます/
KEEP	区組んだ	くくんだ	区組んだ	/銜んだ/
KEEP	括んだら	くくんだら	括んだら	/銜んだら/
KEEP	区君で	くくんで	区君で	/銜んで/
ADD	臭く	くさく	句作	/臭く/
ADD	臭くなかった	くさくなかった	句作なかった	/臭くなかった/
ADD	縊れる	くびれる	括れる	/縊れる/
ADD	組まなかった	くまなかった	熊なかった	/組まなかった/汲まなかった/
ADD	組み合わさない	くみあわさない	汲み遭わさない	/組み合わさない/
ADD	組み合わさなかった	くみあわさなかった	汲み遭わさなかった	/組み合わさなかった/
ADD	組み合わした	くみあわした	汲み合わした	/組み合わした/
ADD	組み合わしたら	くみあわしたら	汲み合わしたら	/組み合わしたら/
ADD	組み合わして	くみあわして	汲み合わして	/組み合わして/
ADD	組み合わしました	くみあわしました	汲み合わしました	/組み合わしました/
ADD	組み合わします	くみあわします	汲み合わします	/組み合わします/
KEEP	久米	くめ	久米	/組め/汲め/
KEEP	くらい込まない	くらいこまない	くらい込まない	/食らい込まない/
KEEP	くらい込まなかった	くらいこまなかった	くらい込まなかった	/食らい込まなかった/
KEEP	くらい込みました	くらいこみました	くらい込みました	/食らい込みました/
KEEP	くらい込みます	くらいこみます	くらい込みます	/食らい込みます/
ADD	食らい込め	くらいこめ	くらい込め	/食らい込め/
ADD	食らい込めば	くらいこめば	くらい込めば	/食らい込めば/
ADD	食らい込もう	くらいこもう	くらい込もう	/食らい込もう/
ADD	食らい込んだら	くらいこんだら	くらい紺だら	/食らい込んだら/
ADD	食らい込んで	くらいこんで	くらい紺で	/食らい込んで/
ADD	食らい付いた	くらいついた	くらい付いた	/食らい付いた/
ADD	食らい付いたら	くらいついたら	くらい付いたら	/食らい付いたら/
ADD	食らい付かない	くらいつかない	くらい付かない	/食らい付かない/
ADD	食らい付かなかった	くらいつかなかった	くらい付かなかった	/食らい付かなかった/
KEEP	くらい付け	くらいつけ	くらい付け	/食らい付け/
ADD	食らいました	くらいました	位ました	/食らいました/
ADD	繰り戻さない	くりもどさない	栗戻さない	/繰り戻さない/
ADD	繰り戻さなかった	くりもどさなかった	栗戻さなかった	/繰り戻さなかった/
ADD	繰り戻した	くりもどした	繰戻た	/繰り戻した/
ADD	繰り戻したら	くりもどしたら	繰戻たら	/繰り戻したら/
ADD	繰り戻して	くりもどして	繰戻て	/繰り戻して/
ADD	繰り戻しました	くりもどしました	繰戻ました	/繰り戻しました/
ADD	繰り戻します	くりもどします	繰戻ます	/繰り戻します/
ADD	繰り戻せ	くりもどせ	栗戻せ	/繰り戻せ/
ADD	繰り戻せば	くりもどせば	栗戻せば	/繰り戻せば/
ADD	繰り戻そう	くりもどそう	栗戻そう	/繰り戻そう/
KEEP	来るって	くるって	来るって	/狂って/
KEEP	呉れ	くれ	呉れ	/繰れ/刳れ/
KEEP	来れば	くれば	来れば	/繰れば/刳れば/
KEEP	苦労	くろう	苦労	/繰ろう/刳ろう/
ADD	黒んだ	くろんだ	繰ろんだ	/黒んだ/
ADD	食わなかった	くわなかった	鍬なかった	/食わなかった/
KEEP	毛込まない	けこまない	毛込まない	/蹴込まない/
KEEP	毛込まなかった	けこまなかった	毛込まなかった	/蹴込まなかった/
ADD	蹴込みました	けこみました	蹴込ました	/蹴込みました/
KEEP	毛込め	けこめ	毛込め	/蹴込め/
KEEP	毛込めば	けこめば	毛込めば	/蹴込めば/
KEEP	毛こもう	けこもう	毛こもう	/蹴込もう/
ADD	消さない	けさない	今朝ない	/消さない/
ADD	消さなかった	けさなかった	今朝なかった	/消さなかった/
ADD	消し去った	けしさった	毛退った	/消し去った/
ADD	消し去って	けしさって	毛退って	/消し去って/
ADD	消し去れば	けしされば	罌粟されば	/消し去れば/
KEEP	決して	けして	決して	/消して/
KEEP	毛手繰った	けたぐった	毛手繰った	/蹴手繰った/
KEEP	毛手繰ったら	けたぐったら	毛手繰ったら	/蹴手繰ったら/
KEEP	毛手繰って	けたぐって	毛手繰って	/蹴手繰って/
KEEP	毛手繰らない	けたぐらない	毛手繰らない	/蹴手繰らない/
KEEP	毛手繰らなかった	けたぐらなかった	毛手繰らなかった	/蹴手繰らなかった/
KEEP	毛手繰れ	けたぐれ	毛手繰れ	/蹴手繰れ/
KEEP	毛手繰れば	けたぐれば	毛手繰れば	/蹴手繰れば/
ADD	蹴手繰ろう	けたぐろう	桁愚弄	/蹴手繰ろう/
ADD	蹴り込まない	けりこまない	鳧込まない	/蹴り込まない/
ADD	蹴り込まなかった	けりこまなかった	鳧込まなかった	/蹴り込まなかった/
ADD	蹴り込みました	けりこみました	鳧込みました	/蹴り込みました/
ADD	蹴り込みます	けりこみます	鳧込みます	/蹴り込みます/
ADD	蹴り込め	けりこめ	鳧込め	/蹴り込め/
ADD	蹴り込めば	けりこめば	鳧込めば	/蹴り込めば/
ADD	蹴り込もう	けりこもう	鳧込もう	/蹴り込もう/
ADD	蹴り殺さない	けりころさない	鳧殺さない	/蹴り殺さない/
ADD	蹴り殺さなかった	けりころさなかった	鳧殺さなかった	/蹴り殺さなかった/
ADD	蹴り殺した	けりころした	鳧殺した	/蹴り殺した/
ADD	蹴り殺したら	けりころしたら	鳧殺したら	/蹴り殺したら/
ADD	蹴り殺して	けりころして	鳧殺して	/蹴り殺して/
ADD	蹴り殺しました	けりころしました	鳧殺しました	/蹴り殺しました/
ADD	蹴り殺します	けりころします	鳧殺します	/蹴り殺します/
ADD	蹴り殺せ	けりころせ	鳧殺せ	/蹴り殺せ/
ADD	蹴り殺せば	けりころせば	鳧殺せば	/蹴り殺せば/
ADD	蹴り込んだら	けりこんだら	鳧紺だら	/蹴り込んだら/
ADD	蹴り込んで	けりこんで	鳧紺で	/蹴り込んで/
ADD	蹴ります	けります	鳧ます	/蹴ります/
ADD	蹴れ	けれ	けれ	/蹴れ/
KEEP	小板	こいた	小板	/放いた/
KEEP	小出	こいで	小出	/漕いで/
KEEP	声	こえ	声	/請え/恋え/
ADD	請えば	こえば	声ば	/請えば/恋えば/
KEEP	声太った	こえふとった	声太った	/肥え太った/
KEEP	声太ったら	こえふとったら	声太ったら	/肥え太ったら/
KEEP	声太って	こえふとって	声太って	/肥え太って/
KEEP	声太らない	こえふとらない	声太らない	/肥え太らない/
KEEP	声太らなかった	こえふとらなかった	声太らなかった	/肥え太らなかった/
KEEP	声太りました	こえふとりました	声太りました	/肥え太りました/
KEEP	声太ります	こえふとります	声太ります	/肥え太ります/
KEEP	声太れ	こえふとれ	声太れ	/肥え太れ/
KEEP	声太れば	こえふとれば	声太れば	/肥え太れば/
KEEP	声太ろう	こえふとろう	声太ろう	/肥え太ろう/
KEEP	国	こく	国	/濃く/
ADD	告りました	こくりました	国利ました	/告りました/
ADD	告ります	こくります	国利ます	/告ります/
KEEP	子来れば	こくれば	子来れば	/告れば/
KEEP	国労	こくろう	国労	/告ろう/
KEEP	転ければ	こければ	転ければ	/濃ければ/
KEEP	焦げ	こげ	焦げ	/漕げ/扱げ/
KEEP	孤高	ここう	孤高	/放こう/
ADD	凍え死なない	こごえしなない	凍え品ない	/凍え死なない/
ADD	凍え死ね	こごえしね	凍えしね	/凍え死ね/
ADD	凍え死のう	こごえしのう	凍えしのう	/凍え死のう/
ADD	凍え死んだ	こごえしんだ	凍えしんだ	/凍え死んだ/
ADD	凍え死んだら	こごえしんだら	凍えしんだら	/凍え死んだら/
ADD	凍え死んで	こごえしんで	凍えしんで	/凍え死んで/
KEEP	事掛け	ことかけ	事掛け	/事欠け/
KEEP	事か抗	ことかこう	事か抗	/事欠こう/
ADD	好みました	このみました	木の実ました	/好みました/
ADD	好みます	このみます	木の実ます	/好みます/
KEEP	木の芽	このめ	木の芽	/好め/
ADD	好んだ	このんだ	此のんだ	/好んだ/
ADD	好んだら	このんだら	此のんだら	/好んだら/
KEEP	込まない	こまない	込まない	/混まない/
KEEP	込まなかった	こまなかった	込まなかった	/混まなかった/
KEEP	込み和え	こみあえ	込み和え	/混み合え/
ADD	混み合えば	こみあえば	子見合えば	/混み合えば/
ADD	混み合おう	こみあおう	込み合おう	/混み合おう/
ADD	混み合った	こみあった	込み会った	/混み合った/
ADD	混み合ったら	こみあったら	込みあったら	/混み合ったら/
ADD	混み合って	こみあって	込みあって	/混み合って/
ADD	混み合わない	こみあわない	込み合わない	/混み合わない/
ADD	混み合わなかった	こみあわなかった	込み合わなかった	/混み合わなかった/
ADD	混みました	こみました	込みました	/混みました/
ADD	混みます	こみます	込みます	/混みます/
KEEP	込め	こめ	込め	/混め/
KEEP	込めば	こめば	込めば	/混めば/
KEEP	込もう	こもう	込もう	/混もう/
KEEP	此れ	これ	此れ	/凝れ/樵れ/
KEEP	此れば	これば	此れば	/凝れば/樵れば/
KEEP	古老	ころう	古老	/凝ろう/樵ろう/
ADD	殺し合った	ころしあった	殺し会った	/殺し合った/
ADD	殺し合ったら	ころしあったら	殺しあったら	/殺し合ったら/
KEEP	頃べ	ころべ	頃べ	/転べ/
ADD	壊さなかった	こわさなかった	怖差なかった	/壊さなかった/
ADD	壊そう	こわそう	怖創	/壊そう/
KEEP	怖なかった	こわなかった	怖なかった	/請わなかった/恋わなかった/
KEEP	金田	こんだ	金田	/混んだ/
ADD	混んだら	こんだら	紺だら	/混んだら/
ADD	咲いた	さいた	歳た	/咲いた/裂いた/
KEEP	先だった	さきだった	先だった	/先立った/
KEEP	先だったら	さきだったら	先だったら	/先立ったら/
UNSURE		さきのこれ	先の此れ	/咲き残れ/
ADD	咲きました	さきました	先ました	/咲きました/裂きました/
ADD	咲きます	さきます	先ます	/咲きます/裂きます/
KEEP	酒	さけ	酒	/咲け/
ADD	酒臭く	さけくさく	避け句作	/酒臭く/
ADD	酒臭くない	さけくさくない	避け句作ない	/酒臭くない/
ADD	酒臭くなかった	さけくさくなかった	避け句作なかった	/酒臭くなかった/
KEEP	避ける	さける	避ける	/裂ける/
KEEP	酒匂	さこう	酒匂	/咲こう/裂こう/
KEEP	捧げもて	ささげもて	捧げもて	/捧げ持て/
KEEP	捧げもとう	ささげもとう	捧げもとう	/捧げ持とう/
ADD	差し合え	さしあえ	さし和え	/差し合え/
ADD	差し合おう	さしあおう	さし合おう	/差し合おう/
ADD	差し合った	さしあった	さし会った	/差し合った/
ADD	差し合わない	さしあわない	さし合わない	/差し合わない/
ADD	差し合わなかった	さしあわなかった	さし合わなかった	/差し合わなかった/
ADD	差し入った	さしいった	さし行った	/差し入った/
ADD	差し入ったら	さしいったら	さし行ったら	/差し入ったら/
ADD	差し入って	さしいって	さし行って	/差し入って/
KEEP	さし要らない	さしいらない	さし要らない	/差し入らない/
ADD	差し入らなかった	さしいらなかった	さし要らなかった	/差し入らなかった/
ADD	差し入りました	さしいりました	さし入りました	/差し入りました/
ADD	差し入ります	さしいります	さし入ります	/差し入ります/
ADD	差し入ろう	さしいろう	さし要ろう	/差し入ろう/
ADD	差して	さして	指し手	/差して/
ADD	差し渡さない	さしわたさない	さし渡さない	/差し渡さない/
ADD	差し渡さなかった	さしわたさなかった	さし渡さなかった	/差し渡さなかった/
ADD	差し渡したら	さしわたしたら	差渡したら	/差し渡したら/
ADD	差し渡せ	さしわたせ	さし渡せ	/差し渡せ/
ADD	差し渡せば	さしわたせば	さし渡せば	/差し渡せば/
KEEP	佐瀬	させ	佐瀬	/差せ/
ADD	覚め遣った	さめやった	鮫やった	/覚め遣った/
ADD	覚め遣ったら	さめやったら	鮫やったら	/覚め遣ったら/
ADD	覚め遣らない	さめやらない	鮫遣らない	/覚め遣らない/
ADD	覚め遣らなかった	さめやらなかった	鮫遣らなかった	/覚め遣らなかった/
ADD	覚め遣りました	さめやりました	鮫遣りました	/覚め遣りました/
KEEP	鮫遣ります	さめやります	鮫遣ります	/覚め遣ります/
ADD	覚め遣れ	さめやれ	冷め遣れ	/覚め遣れ/
ADD	覚め遣れば	さめやれば	鮫遣れば	/覚め遣れば/
KEEP	鮫遣ろう	さめやろう	鮫遣ろう	/覚め遣ろう/
KEEP	杷	さらえ	杷	/攫え/
ADD	晒せ	さらせ	去らせ	/晒せ/
KEEP	され	され	され	/去れ/
ADD	騒がなかった	さわがなかった	沢がなかった	/騒がなかった/
ADD	敷いた	しいた	θ	/敷いた/
ADD	敷いたら	しいたら	椎たら	/敷いたら/
KEEP	強いて	しいて	強いて	/敷いて/
KEEP	塩食った	しおくった	塩食った	/仕送った/
KEEP	塩繰ったら	しおくったら	塩繰ったら	/仕送ったら/
ADD	仕送らない	しおくらない	し贈らない	/仕送らない/
ADD	仕送らなかった	しおくらなかった	し贈らなかった	/仕送らなかった/
ADD	仕送りました	しおくりました	し贈りました	/仕送りました/
ADD	仕送ります	しおくります	し贈ります	/仕送ります/
ADD	仕送れ	しおくれ	塩呉れ	/仕送れ/
ADD	仕送れば	しおくれば	塩来れば	/仕送れば/
KEEP	塩苦労	しおくろう	塩苦労	/仕送ろう/
KEEP	然れ	しかれ	然れ	/叱れ/
KEEP	式ました	しきました	式ました	/敷きました/
ADD	敷きます	しきます	式ます	/敷きます/
KEEP	時化	しけ	時化	/敷け/
ADD	時化ろ	しけろ	湿気ろ	/時化ろ/
KEEP	施行	しこう	施行	/敷こう/
ADD	慕いました	したいました	死体ました	/慕いました/
ADD	下向いたら	したむいたら	下剥いたら	/下向いたら/
ADD	下向いて	したむいて	下剥いて	/下向いて/
ADD	下向かない	したむかない	湑むかない	/下向かない/
ADD	下向かなかった	したむかなかった	湑むかなかった	/下向かなかった/
ADD	下向きます	したむきます	湑むきます	/下向きます/
ADD	下向けば	したむけば	湑む毛羽	/下向けば/
ADD	知った	しった	叱咤	/知った/
KEEP	し成さない	しなさない	し成さない	/為做さない/
UNSURE		しなさなかった	し成さなかった	/為做さなかった/
KEEP	死なせ	しなせ	死なせ	/為做せ/
KEEP	し成せば	しなせば	し成せば	/為做せば/
KEEP	子嚢	しのう	子嚢	/死のう/
KEEP	篠がなかった	しのがなかった	篠がなかった	/凌がなかった/
ADD	忍び入った	しのびいった	偲び行った	/忍び入った/
ADD	忍び入ったら	しのびいったら	偲び言ったら	/忍び入ったら/
ADD	忍び入って	しのびいって	偲び行って	/忍び入って/
ADD	忍び入らない	しのびいらない	偲び要らない	/忍び入らない/
ADD	忍び入らなかった	しのびいらなかった	偲び要らなかった	/忍び入らなかった/
ADD	忍び入れ	しのびいれ	偲び入れ	/忍び入れ/
ADD	忍び入ろう	しのびいろう	偲び要ろう	/忍び入ろう/
ADD	締め込んで	しめこんで	締め紺で	/締め込んで/
ADD	知り合え	しりあえ	尻和え	/知り合え/
ADD	知り合えば	しりあえば	尻会えば	/知り合えば/
ADD	知り合おう	しりあおう	尻あおう	/知り合おう/
ADD	知り合った	しりあった	尻会った	/知り合った/
ADD	知り合ったら	しりあったら	尻あったら	/知り合ったら/
ADD	知り合って	しりあって	尻あって	/知り合って/
KEEP	知りごまない	しりごまない	知りごまない	/尻込まない/
ADD	尻込まなかった	しりごまなかった	尻胡麻なかった	/尻込まなかった/
ADD	尻込めば	しりごめば	知りごめば	/尻込めば/
ADD	尻込んだ	しりごんだ	知り権田	/尻込んだ/
ADD	尻込んだら	しりごんだら	知りごんだら	/尻込んだら/
ADD	事故らない	じこらない	じ凝らない	/事故らない/
ADD	事故りました	じこりました	じ凝りました	/事故りました/
ADD	事故ります	じこります	じ凝ります	/事故ります/
ADD	事故れ	じこれ	じ此れ	/事故れ/
ADD	事故れば	じこれば	じ此れば	/事故れば/
KEEP	水た	すいた	水た	/梳いた/透いた/漉いた/鋤いた/
KEEP	末	すえ	末	/吸え/
KEEP	周防	すおう	周防	/吸おう/
KEEP	空かさない	すかさない	空かさない	/賺さない/
KEEP	空かさなかった	すかさなかった	空かさなかった	/賺さなかった/
KEEP	空かした	すかした	空かした	/賺した/
KEEP	空かしたら	すかしたら	空かしたら	/賺したら/
KEEP	空かして	すかして	空かして	/賺して/
KEEP	空かしました	すかしました	空かしました	/賺しました/
KEEP	空かします	すかします	空かします	/賺します/
ADD	透かし見れば	すかしみれば	空かし見れば	/透かし見れば/
KEEP	空かせば	すかせば	空かせば	/賺せば/
KEEP	酢が見ます	すがみます	酢が見ます	/眇みます/
KEEP	縋んだら	すがんだら	縋んだら	/眇んだら/
ADD	好き合え	すきあえ	好き和え	/好き合え/
ADD	好き合えば	すきあえば	好き会えば	/好き合えば/
ADD	好き合おう	すきあおう	好きあおう	/好き合おう/
UNSURE		すきあった	好き会った	/好き合った/
KEEP	好きあったら	すきあったら	好きあったら	/好き合ったら/
ADD	好き合って	すきあって	好きあって	/好き合って/
ADD	鋤き返さない	すきかえさない	漉き返さない	/鋤き返さない/
ADD	鋤き返さなかった	すきかえさなかった	漉き返さなかった	/鋤き返さなかった/
ADD	鋤き返した	すきかえした	漉き返した	/鋤き返した/
ADD	鋤き返したら	すきかえしたら	漉き返したら	/鋤き返したら/
ADD	鋤き返して	すきかえして	漉き返して	/鋤き返して/
ADD	鋤き返しました	すきかえしました	漉き返しました	/鋤き返しました/
ADD	鋤き返します	すきかえします	漉き返します	/鋤き返します/
ADD	鋤き返せ	すきかえせ	漉き返せ	/鋤き返せ/
ADD	鋤き返せば	すきかえせば	漉き返せば	/鋤き返せば/
ADD	鋤き返そう	すきかえそう	漉き返そう	/鋤き返そう/
KEEP	好き込まない	すきこまない	好き込まない	/漉き込まない/鋤き込まない/
KEEP	好き込まなかった	すきこまなかった	好き込まなかった	/漉き込まなかった/鋤き込まなかった/
ADD	漉き込みました	すきこみました	好き込みました	/漉き込みました/鋤き込みました/
ADD	漉き込みます	すきこみます	好き込みます	/漉き込みます/鋤き込みます/
ADD	漉き込め	すきこめ	好き込め	/漉き込め/鋤き込め/
ADD	漉き込めば	すきこめば	好き込めば	/漉き込めば/鋤き込めば/
ADD	漉き込もう	すきこもう	好きこもう	/漉き込もう/鋤き込もう/
ADD	漉き込んだら	すきこんだら	好き込んだら	/漉き込んだら/鋤き込んだら/
ADD	漉き込んで	すきこんで	好き紺で	/漉き込んで/鋤き込んで/
KEEP	剥き取った	すきとった	剥き取った	/梳き取った/
KEEP	剥き取ったら	すきとったら	剥き取ったら	/梳き取ったら/
KEEP	剥き取って	すきとって	剥き取って	/梳き取って/
ADD	梳き取らない	すきとらない	剥き取らない	/梳き取らない/
ADD	梳き取らなかった	すきとらなかった	剥き取らなかった	/梳き取らなかった/
KEEP	剥き取りました	すきとりました	剥き取りました	/梳き取りました/
KEEP	剥き取ります	すきとります	剥き取ります	/梳き取ります/
ADD	梳き取れ	すきとれ	剥き取れ	/梳き取れ/
KEEP	剥き取れば	すきとれば	剥き取れば	/梳き取れば/
ADD	梳き取ろう	すきとろう	剥き取ろう	/梳き取ろう/
ADD	梳きました	すきました	好きました	/梳きました/透きました/漉きました/鋤きました/
KEEP	好きます	すきます	好きます	/梳きます/透きます/漉きます/鋤きます/
KEEP	透け	すけ	透け	/梳け/漉け/鋤け/
KEEP	煤がなかった	すすがなかった	煤がなかった	/濯がなかった/
KEEP	勧める	すすめる	勧める	/進める/
ADD	進もう	すすもう	煤網	/進もう/
ADD	啜り込みました	すすりこみました	素刷り込みました	/啜り込みました/
ADD	啜り込みます	すすりこみます	素刷り込みます	/啜り込みます/
ADD	啜り込めば	すすりこめば	素刷り込めば	/啜り込めば/
ADD	啜り込んだ	すすりこんだ	素刷り込んだ	/啜り込んだ/
ADD	啜り込んだら	すすりこんだら	素刷り込んだら	/啜り込んだら/
ADD	啜り込んで	すすりこんで	煤離婚で	/啜り込んで/
KEEP	雀	すずめ	雀	/涼め/
KEEP	擦った	すった	擦った	/吸った/
KEEP	擦ったら	すったら	擦ったら	/吸ったら/
KEEP	擦って	すって	擦って	/吸って/
KEEP	相撲	すもう	相撲	/住もう/済もう/澄もう/
ADD	擂り砕かない	すりくだかない	摺砕かない	/擂り砕かない/
KEEP	摺砕かなかった	すりくだかなかった	摺砕かなかった	/擂り砕かなかった/
ADD	擂り砕きました	すりくだきました	摺砕きました	/擂り砕きました/
ADD	擂り砕きます	すりくだきます	摺砕きます	/擂り砕きます/
ADD	擂り砕け	すりくだけ	摺砕け	/擂り砕け/
ADD	擂り砕けば	すりくだけば	摺砕けば	/擂り砕けば/
ADD	擂り砕こう	すりくだこう	摺砕こう	/擂り砕こう/
ADD	擦り剥こう	すりむこう	スリム抗	/擦り剥こう/
ADD	吸わない	すわない	すわ無い	/吸わない/
UNSURE		すわなかった	諏訪なかった	/吸わなかった/
ADD	急いた	せいた	性た	/急いた/咳いた/塞いた/
ADD	急いて	せいて	性て	/急いて/咳いて/塞いて/
ADD	責め合え	せめあえ	攻め和え	/攻め合え/責め合え/
ADD	攻め合えば	せめあえば	攻め会えば	/攻め合えば/責め合えば/
ADD	攻め合おう	せめあおう	攻めあおう	/攻め合おう/責め合おう/
ADD	攻め合った	せめあった	攻め会った	/攻め合った/責め合った/
ADD	攻め合ったら	せめあったら	攻めあったら	/攻め合ったら/責め合ったら/
ADD	攻め合って	せめあって	攻めあって	/攻め合って/責め合って/
ADD	攻め入った	せめいった	攻め行った	/攻め入った/
ADD	攻め入ったら	せめいったら	攻め言ったら	/攻め入ったら/
ADD	攻め入って	せめいって	攻め行って	/攻め入って/
ADD	攻め入らない	せめいらない	せ滅入らない	/攻め入らない/
ADD	攻め入らなかった	せめいらなかった	せ滅入らなかった	/攻め入らなかった/
ADD	攻め入りました	せめいりました	せ滅入りました	/攻め入りました/
ADD	攻め入ります	せめいります	せ滅入ります	/攻め入ります/
ADD	攻め入れ	せめいれ	鬩いれ	/攻め入れ/
ADD	攻め入ろう	せめいろう	せ明朗	/攻め入ろう/
KEEP	攻めがなかった	せめがなかった	攻めがなかった	/鬩がなかった/
ADD	責め殺さない	せめころさない	攻め殺さない	/責め殺さない/
KEEP	攻め殺さなかった	せめころさなかった	攻め殺さなかった	/責め殺さなかった/
KEEP	攻め殺した	せめころした	攻め殺した	/責め殺した/
ADD	責め殺したら	せめころしたら	攻め殺したら	/責め殺したら/
KEEP	攻め殺して	せめころして	攻め殺して	/責め殺して/
KEEP	攻め殺しました	せめころしました	攻め殺しました	/責め殺しました/
KEEP	攻め殺します	せめころします	攻め殺します	/責め殺します/
ADD	責め殺せ	せめころせ	攻め殺せ	/責め殺せ/
ADD	責め殺せば	せめころせば	攻め殺せば	/責め殺せば/
KEEP	攻め手	せめて	攻め手	/攻めて/
ADD	競り勝たない	せりかたない	競り硬ない	/競り勝たない/
ADD	競り勝たなかった	せりかたなかった	競り硬なかった	/競り勝たなかった/
KEEP	競り買った	せりかった	競り買った	/競り勝った/
KEEP	競りかったら	せりかったら	競りかったら	/競り勝ったら/
KEEP	競りかって	せりかって	競りかって	/競り勝って/
ADD	競り勝て	せりかて	競りかて	/競り勝て/
ADD	競り勝てば	せりかてば	競りかてば	/競り勝てば/
ADD	競り勝とう	せりかとう	競りかとう	/競り勝とう/
ADD	競れ	せれ	せれ	/競れ/
KEEP	沿いだ	そいだ	沿いだ	/削いだ/
ADD	削いだら	そいだら	沿いだら	/削いだら/
KEEP	沿いで	そいで	沿いで	/削いで/
KEEP	添え	そえ	添え	/沿え/
ADD	削ぎ取った	そぎとった	削ぎとった	/削ぎ取った/
ADD	削ぎ取ろう	そぎとろう	削ぎ徒労	/削ぎ取ろう/
KEEP	蕎麦だった	そばだった	蕎麦だった	/峙った/
KEEP	蕎麦だったら	そばだったら	蕎麦だったら	/峙ったら/
KEEP	蕎麦だって	そばだって	蕎麦だって	/峙って/
KEEP	空ない	そらない	空ない	/剃らない/反らない/
KEEP	空なかった	そらなかった	空なかった	/剃らなかった/反らなかった/
KEEP	反り込まない	そりこまない	反り込まない	/剃り込まない/
KEEP	反り込まなかった	そりこまなかった	反り込まなかった	/剃り込まなかった/
KEEP	反り込みました	そりこみました	反り込みました	/剃り込みました/
KEEP	反り込みます	そりこみます	反り込みます	/剃り込みます/
KEEP	反り込め	そりこめ	反り込め	/剃り込め/
KEEP	反り込めば	そりこめば	反り込めば	/剃り込めば/
KEEP	反りこもう	そりこもう	反りこもう	/剃り込もう/
KEEP	反り込んだら	そりこんだら	反り込んだら	/剃り込んだら/
ADD	剃り込んで	そりこんで	反り紺で	/剃り込んで/
UNSURE		それ	其	/剃れ/反れ/
KEEP	其れば	それば	其れば	/剃れば/反れば/
KEEP	揃う	そろう	揃う	/剃ろう/反ろう/
ADD	沿わなかった	そわなかった	曽和なかった	/沿わなかった/
KEEP	対他	たいた	対他	/焚いた/
ADD	倒し込んだ	たおしこんだ	た押し込んだ	/倒し込んだ/
ADD	倒し込んで	たおしこんで	た押し込んで	/倒し込んで/
KEEP	倒れ	たおれ	倒れ	/手折れ/
ADD	倒れ伏そう	たおれふそう	倒れ扶桑	/倒れ伏そう/
ADD	焚かない	たかない	鷹ない	/焚かない/
KEEP	鷹なかった	たかなかった	鷹なかった	/焚かなかった/
ADD	炊き込め	たきこめ	焚き込め	/炊き込め/
ADD	手繰り込んで	たぐりこんで	手繰り紺で	/手繰り込んで/
KEEP	竹	たけ	竹	/焚け/
ADD	助け合ったら	たすけあったら	助けあったら	/助け合ったら/
ADD	訪ね歩きました	たずねあるきました	尋ね歩きました	/訪ね歩きました/
ADD	訪ね歩きます	たずねあるきます	尋ね歩きます	/訪ね歩きます/
ADD	訪ね歩け	たずねあるけ	尋ね歩け	/訪ね歩け/
ADD	訪ね歩けば	たずねあるけば	尋ね歩けば	/訪ね歩けば/
KEEP	多層	たそう	多層	/足そう/
ADD	叩き売った	たたきうった	三和土打った	/叩き売った/
ADD	叩き売ったら	たたきうったら	三和土打ったら	/叩き売ったら/
ADD	叩き売って	たたきうって	三和土打って	/叩き売って/
ADD	叩き売らない	たたきうらない	三和土占い	/叩き売らない/
ADD	叩き売らなかった	たたきうらなかった	叩き裏なかった	/叩き売らなかった/
ADD	叩き売れ	たたきうれ	叩きうれ	/叩き売れ/
ADD	叩き売れば	たたきうれば	叩きうれば	/叩き売れば/
ADD	叩き売ろう	たたきうろう	三和土売ろう	/叩き売ろう/
ADD	叩き返さない	たたきかえさない	三和土孵さない	/叩き返さない/
ADD	叩き返さなかった	たたきかえさなかった	三和土孵さなかった	/叩き返さなかった/
ADD	叩き返した	たたきかえした	叩き孵した	/叩き返した/
ADD	叩き返したら	たたきかえしたら	叩き孵したら	/叩き返したら/
ADD	叩き返して	たたきかえして	叩き孵して	/叩き返して/
ADD	叩き返しました	たたきかえしました	叩き孵しました	/叩き返しました/
ADD	叩き返します	たたきかえします	叩き孵します	/叩き返します/
ADD	叩き返せば	たたきかえせば	三和土孵せば	/叩き返せば/
ADD	叩き殺さない	たたきころさない	三和土殺さない	/叩き殺さない/
ADD	叩き殺さなかった	たたきころさなかった	三和土殺さなかった	/叩き殺さなかった/
ADD	叩き殺せば	たたきころせば	三和土殺せば	/叩き殺せば/
ADD	叩こう	たたこう	多々抗	/叩こう/
KEEP	経たれ	たたれ	経たれ	/祟れ/
ADD	畳んだら	たたんだら	他端だら	/畳んだら/
ADD	正した	ただした	但した	/正した/
ADD	立ちます	たちます	達ます	/立ちます/経ちます/断ちます/発ちます/
ADD	立ち読んだ	たちよんだ	立ち寄んだ	/立ち読んだ/
ADD	立ち読んだら	たちよんだら	立ち寄んだら	/立ち読んだら/
ADD	立ち読んで	たちよんで	立ち寄んで	/立ち読んで/
KEEP	縦	たて	縦	/断て/発て/
KEEP	立て込め	たてこめ	立て込め	/建て込め/
ADD	立て直さない	たてなおさない	縦直さない	/立て直さない/
ADD	立て直さなかった	たてなおさなかった	縦直さなかった	/立て直さなかった/
KEEP	建て直した	たてなおした	建て直した	/立て直した/
KEEP	建て直したら	たてなおしたら	建て直したら	/立て直したら/
ADD	立て直して	たてなおして	建て直して	/立て直して/
ADD	立て直しました	たてなおしました	建て直しました	/立て直しました/
ADD	立て直します	たてなおします	建て直します	/立て直します/
KEEP	立てまさない	たてまさない	立てまさない	/建て増さない/
KEEP	立てまさなかった	たてまさなかった	立てまさなかった	/建て増さなかった/
KEEP	立てました	たてました	立てました	/建て増した/
KEEP	立てましたら	たてましたら	立てましたら	/建て増したら/
KEEP	立てまして	たてまして	立てまして	/建て増して/
KEEP	立てましました	たてましました	立てましました	/建て増しました/
KEEP	立てまします	たてまします	立てまします	/建て増します/
KEEP	立てませ	たてませ	立てませ	/建て増せ/
KEEP	立てませば	たてませば	立てませば	/建て増せば/
KEEP	溜まった	たまった	溜まった	/堪った/
KEEP	溜まったら	たまったら	溜まったら	/堪ったら/
KEEP	溜まって	たまって	溜まって	/堪って/
KEEP	溜まれ	たまれ	溜まれ	/堪れ/
KEEP	溜まれば	たまれば	溜まれば	/堪れば/
KEEP	溜まろう	たまろう	溜まろう	/堪ろう/
KEEP	垂らさない	たらさない	垂らさない	/誑さない/
KEEP	垂らさなかった	たらさなかった	垂らさなかった	/誑さなかった/
KEEP	垂らした	たらした	垂らした	/誑した/
KEEP	垂らしたら	たらしたら	垂らしたら	/誑したら/
KEEP	垂らして	たらして	垂らして	/誑して/
KEEP	垂らしました	たらしました	垂らしました	/誑しました/
KEEP	垂らします	たらします	垂らします	/誑します/
KEEP	垂らせば	たらせば	垂らせば	/誑せば/
KEEP	垂れ	たれ	垂れ	/足れ/
KEEP	垂れば	たれば	垂れば	/足れば/
KEEP	太郎	たろう	太郎	/足ろう/
ADD	出し渋らない	だししぶらない	だし渋らない	/出し渋らない/
ADD	出し渋ります	だししぶります	だし渋ります	/出し渋ります/
ADD	出し渋れば	だししぶれば	だし渋れば	/出し渋れば/
ADD	誓い合えば	ちかいあえば	近い会えば	/誓い合えば/
ADD	誓い合おう	ちかいあおう	近いあおう	/誓い合おう/
ADD	誓い合った	ちかいあった	近い会った	/誓い合った/
ADD	誓い合ったら	ちかいあったら	近いあったら	/誓い合ったら/
ADD	誓い合って	ちかいあって	近いあって	/誓い合って/
KEEP	近い合わない	ちかいあわない	近い合わない	/誓い合わない/
ADD	誓い合わなかった	ちかいあわなかった	近い泡なかった	/誓い合わなかった/
KEEP	近います	ちかいます	近います	/誓います/
ADD	力無かった	ちからなかった	力なかった	/力無かった/
KEEP	力なく	ちからなく	力なく	/力無く/
KEEP	力なくない	ちからなくない	力なくない	/力無くない/
KEEP	力なくなかった	ちからなくなかった	力なくなかった	/力無くなかった/
ADD	縮みました	ちじみました	血地味ました	/縮みました/
ADD	縮みます	ちじみます	血地味ます	/縮みます/
ADD	縮もう	ちじもう	ちじ網	/縮もう/
ADD	散りました	ちりました	地理ました	/散りました/
ADD	散ります	ちります	地理ます	/散ります/
ADD	散れ	ちれ	チレ	/散れ/
ADD	継いだら	ついだら	付いだら	/次いだら/継いだら/
KEEP	序で	ついで	序で	/継いで/
ADD	使い残さない	つかいのこさない	使いの越さない	/使い残さない/
ADD	使い残した	つかいのこした	使いの漉した	/使い残した/
ADD	使い残したら	つかいのこしたら	使いの漉したら	/使い残したら/
ADD	使い残して	つかいのこして	使いの漉して	/使い残して/
ADD	使い残します	つかいのこします	使いの漉します	/使い残します/
ADD	使い残せ	つかいのこせ	使いの越せ	/使い残せ/
ADD	使え	つかえ	仕え	/使え/
ADD	掴もう	つかもう	つか網	/掴もう/
ADD	突き殺さない	つきころさない	月殺さない	/突き殺さない/
ADD	突き殺さなかった	つきころさなかった	月殺さなかった	/突き殺さなかった/
ADD	突き殺した	つきころした	月殺した	/突き殺した/
ADD	突き殺したら	つきころしたら	月殺したら	/突き殺したら/
ADD	突き殺して	つきころして	月殺して	/突き殺して/
ADD	突き殺しました	つきころしました	月殺しました	/突き殺しました/
ADD	突き殺します	つきころします	月殺します	/突き殺します/
ADD	突き殺せ	つきころせ	月殺せ	/突き殺せ/
ADD	突き殺せば	つきころせば	月殺せば	/突き殺せば/
ADD	突き殺そう	つきころそう	月殺そう	/突き殺そう/
ADD	着きました	つきました	月ました	/付きました/着きました/突きました/
ADD	付きます	つきます	月ます	/付きます/着きます/突きます/
ADD	次ぎました	つぎました	次ました	/次ぎました/継ぎました/
ADD	次ぎます	つぎます	次ます	/次ぎます/継ぎます/
ADD	作り込んで	つくりこんで	作り紺で	/作り込んで/
ADD	繕った	つくろった	作ろった	/繕った/
ADD	繕ったら	つくろったら	作ろったら	/繕ったら/
ADD	繕って	つくろって	作ろって	/繕って/
KEEP	付け	つけ	付け	/突け/
KEEP	柘植	つげ	柘植	/次げ/継げ/
KEEP	都合	つごう	都合	/次ごう/継ごう/
ADD	綴ろう	つずろう	つ杜漏	/綴ろう/
ADD	慎み深かった	つつしみぶかかった	慎みぶかかった	/慎み深かった/
ADD	慎み深く	つつしみぶかく	慎みぶかく	/慎み深く/
ADD	慎み深くない	つつしみぶかくない	慎みぶかくない	/慎み深くない/
ADD	慎み深くなかった	つつしみぶかくなかった	慎みぶかくなかった	/慎み深くなかった/
ADD	慎み深ければ	つつしみぶかければ	慎みぶかければ	/慎み深ければ/
ADD	包もう	つつもう	筒網	/包もう/恙もう/
KEEP	粒だった	つぶだった	粒だった	/粒立った/
KEEP	粒だったら	つぶだったら	粒だったら	/粒立ったら/
KEEP	潰れ	つぶれ	潰れ	/瞑れ/
ADD	詰まない	つまない	妻ない	/積まない/詰まない/
ADD	詰まなかった	つまなかった	妻なかった	/積まなかった/詰まなかった/
ADD	積み増さない	つみまさない	積みまさない	/積み増さない/
ADD	積み増さなかった	つみまさなかった	積みまさなかった	/積み増さなかった/
KEEP	積みましたら	つみましたら	積みましたら	/積み増したら/
KEEP	積みまして	つみまして	積みまして	/積み増して/
ADD	積み増しました	つみましました	積みましました	/積み増しました/
ADD	積み増します	つみまします	積みまします	/積み増します/
KEEP	積みませ	つみませ	積みませ	/積み増せ/
ADD	積み増せば	つみませば	積みませば	/積み増せば/
KEEP	爪	つめ	爪	/積め/
ADD	詰めば	つめば	爪ば	/積めば/詰めば/
KEEP	連れ	つれ	連れ	/吊れ/攣れ/
KEEP	連れだった	つれだった	連れだった	/連れ立った/
ADD	手荒かった	てあらかった	手粗かった	/手荒かった/
KEEP	手粗く	てあらく	手粗く	/手荒く/
ADD	手荒くない	てあらくない	手粗くない	/手荒くない/
ADD	手荒くなかった	てあらくなかった	手粗くなかった	/手荒くなかった/
KEEP	邸宅	ていたく	邸宅	/手痛く/
ADD	手痛くなかった	ていたくなかった	邸宅なかった	/手痛くなかった/
ADD	手伝ったら	てつだったら	鉄だったら	/手伝ったら/
ADD	照らない	てらない	寺ない	/照らない/
ADD	照らなかった	てらなかった	寺なかった	/照らなかった/
ADD	照り込まない	てりこまない	手り込まない	/照り込まない/
ADD	照り込みます	てりこみます	手り込みます	/照り込みます/
KEEP	手り込め	てりこめ	手り込め	/照り込め/
KEEP	手り込めば	てりこめば	手り込めば	/照り込めば/
ADD	照り込もう	てりこもう	手り込もう	/照り込もう/
ADD	照り込んだ	てりこんだ	手離婚だ	/照り込んだ/
ADD	照り込んだら	てりこんだら	手離婚だら	/照り込んだら/
ADD	照り込んで	てりこんで	手離婚で	/照り込んで/
ADD	照りました	てりました	手りました	/照りました/
ADD	照ります	てります	手ります	/照ります/
ADD	照れる	てれる	手れる	/照れる/
KEEP	手郎	てろう	手郎	/照ろう/
ADD	出会ったら	であったら	出あったら	/出会ったら/
ADD	出会って	であって	出あって	/出会って/
KEEP	出行った	でいった	出行った	/出入った/
ADD	出入ったら	でいったら	出言ったら	/出入ったら/
ADD	出入って	でいって	出言って	/出入って/
UNSURE		でいらない	出要らない	/出入らない/
ADD	出入らなかった	でいらなかった	出要らなかった	/出入らなかった/
ADD	出入ろう	でいろう	出要ろう	/出入ろう/
ADD	出掛けろ	でかけろ	出かけろ	/出掛けろ/
ADD	出来さなかった	でかさなかった	でか差なかった	/出来さなかった/
ADD	出張った	でばった	出飛蝗	/出張った/
ADD	出張ったら	でばったら	出ばったら	/出張ったら/
ADD	出向こう	でむこう	出無効	/出向こう/
ADD	出よう	でよう	出様	/出よう/
ADD	解いた	といた	戸板	/説いた/解いた/溶いた/
KEEP	問いたら	といたら	問いたら	/説いたら/解いたら/溶いたら/
KEEP	問いだ	といだ	問いだ	/研いだ/
ADD	解いて	といて	問いて	/説いて/解いて/溶いて/
KEEP	問いで	といで	問いで	/研いで/
ADD	通せ	とうせ	と失せ	/通せ/
ADD	通らない	とうらない	と裏ない	/通らない/
ADD	通らなかった	とうらなかった	と裏なかった	/通らなかった/
ADD	通りました	とうりました	と売りました	/通りました/
ADD	通ります	とうります	と売ります	/通ります/
ADD	通れ	とうれ	と売れ	/通れ/
ADD	通れば	とうれば	と売れば	/通れば/
KEEP	灯籠	とうろう	灯籠	/通ろう/
KEEP	十重	とえ	十重	/問え/
KEEP	解き解さない	ときほぐさない	解き解さない	/溶き解さない/
KEEP	解き解さなかった	ときほぐさなかった	解き解さなかった	/溶き解さなかった/
UNSURE		ときほぐした	解き解した	/溶き解した/
UNSURE		ときほぐしたら	解き解したら	/溶き解したら/
KEEP	解き解して	ときほぐして	解き解して	/溶き解して/
KEEP	解き解しました	ときほぐしました	解き解しました	/溶き解しました/
KEEP	解き解します	ときほぐします	解き解します	/溶き解します/
KEEP	解き解せ	ときほぐせ	解き解せ	/溶き解せ/
KEEP	解き解せば	ときほぐせば	解き解せば	/溶き解せば/
KEEP	解き解そう	ときほぐそう	解き解そう	/溶き解そう/
ADD	解きました	ときました	時ました	/説きました/解きました/溶きました/
KEEP	解け	とけ	解け	/説け/
KEEP	棘	とげ	棘	/研げ/
KEEP	渡航	とこう	渡航	/説こう/解こう/溶こう/
KEEP	渡豪	とごう	渡豪	/研ごう/
KEEP	閉じ込め	とじこめ	閉じ込め	/綴じ込め/
KEEP	突合	とつごう	突合	/嫁ごう/
UNSURE		となった	と成った	/隣った/
ADD	飛び入った	とびいった	鳶行った	/飛び入った/
ADD	飛び入ったら	とびいったら	鳶言ったら	/飛び入ったら/
ADD	飛び入って	とびいって	鳶言って	/飛び入って/
KEEP	鳶要らない	とびいらない	鳶要らない	/飛び入らない/
KEEP	鳶要らなかった	とびいらなかった	鳶要らなかった	/飛び入らなかった/
ADD	飛び入れ	とびいれ	鳶入れ	/飛び入れ/
KEEP	と見ました	とみました	と見ました	/富みました/
KEEP	と見ます	とみます	と見ます	/富みます/
KEEP	留	とめ	留	/富め/
UNSURE		とらぶらない	虎ぶらない	/トラブらない/
ADD	トラブらなかった	とらぶらなかった	虎ぶらなかった	/トラブらなかった/
ADD	トラブりました	とらぶりました	虎鰤ました	/トラブりました/
UNSURE		とらぶります	虎鰤ます	/トラブります/
ADD	取り合ったら	とりあったら	鳥あったら	/取り合ったら/
KEEP	取り付け	とりつけ	取り付け	/取り憑け/
KEEP	同蹴れば	どうければ	同蹴れば	/道化れば/
ADD	怒鳴り合え	どなりあえ	怒鳴り和え	/怒鳴り合え/
ADD	怒鳴り合った	どなりあった	怒鳴り会った	/怒鳴り合った/
KEEP	怒鳴りあったら	どなりあったら	怒鳴りあったら	/怒鳴り合ったら/
ADD	怒鳴り合って	どなりあって	怒鳴りあって	/怒鳴り合って/
KEEP	苗	なえ	苗	/綯え/
ADD	直って	なおって	猶って	/直って/
ADD	直れ	なおれ	名折れ	/直れ/
ADD	泣かない	なかない	中ない	/泣かない/鳴かない/
ADD	泣かなかった	なかなかった	中なかった	/泣かなかった/鳴かなかった/
KEEP	長さなかった	ながさなかった	長さなかった	/流さなかった/
ADD	流し打たない	ながしうたない	流し歌ない	/流し打たない/
ADD	流し打たなかった	ながしうたなかった	流し歌なかった	/流し打たなかった/
ADD	流し去った	ながしさった	なが退った	/流し去った/
ADD	流し去ったら	ながしさったら	なが退ったら	/流し去ったら/
ADD	流し去って	ながしさって	なが退って	/流し去って/
ADD	流し去らない	ながしさらない	なが退らない	/流し去らない/
ADD	流し去れば	ながしされば	流しされば	/流し去れば/
KEEP	長瀬	ながせ	長瀬	/流せ/
ADD	長細かった	ながほそかった	なが細かった	/長細かった/
ADD	長細ければ	ながほそければ	なが細ければ	/長細ければ/
KEEP	眺めやった	ながめやった	眺めやった	/眺め遣った/
KEEP	眺め野郎	ながめやろう	眺め野郎	/眺め遣ろう/
ADD	泣き止まない	なきやまない	無き止まない	/泣き止まない/鳴き止まない/
ADD	泣き止まなかった	なきやまなかった	無き止まなかった	/泣き止まなかった/鳴き止まなかった/
ADD	泣き止みました	なきやみました	無き止みました	/泣き止みました/鳴き止みました/
ADD	泣き止みます	なきやみます	無きや見ます	/泣き止みます/鳴き止みます/
ADD	泣き止んだ	なきやんだ	無きやんだ	/泣き止んだ/鳴き止んだ/
ADD	泣き止んだら	なきやんだら	無き止んだら	/泣き止んだら/鳴き止んだら/
ADD	泣き止んで	なきやんで	無きやんで	/泣き止んで/鳴き止んで/
ADD	殴り合え	なぐりあえ	殴り和え	/殴り合え/
ADD	殴り合った	なぐりあった	殴り会った	/殴り合った/
ADD	殴り合ったら	なぐりあったら	殴りあったら	/殴り合ったら/
ADD	殴り合って	なぐりあって	殴りあって	/殴り合って/
ADD	殴り込んで	なぐりこんで	殴り紺で	/殴り込んで/
KEEP	投げ	なげ	投げ	/凪げ/薙げ/
ADD	投げ合おう	なげあおう	なげあ王	/投げ合おう/
ADD	投げ合った	なげあった	投げ会った	/投げ合った/
ADD	投げ合ったら	なげあったら	投げあったら	/投げ合ったら/
ADD	投げ合って	なげあって	投げあって	/投げ合って/
KEEP	投げやった	なげやった	投げやった	/投げ遣った/
KEEP	投げやったら	なげやったら	投げやったら	/投げ遣ったら/
KEEP	投げ野郎	なげやろう	投げ野郎	/投げ遣ろう/
ADD	馴染み深かった	なじみぶかかった	馴染みぶかかった	/馴染み深かった/
ADD	馴染み深く	なじみぶかく	馴染みぶかく	/馴染み深く/
ADD	馴染み深くない	なじみぶかくない	馴染みぶかくない	/馴染み深くない/
ADD	馴染み深くなかった	なじみぶかくなかった	馴染みぶかくなかった	/馴染み深くなかった/
ADD	馴染み深ければ	なじみぶかければ	馴染みぶかければ	/馴染み深ければ/
ADD	名高かった	なだかかった	灘掛かった	/名高かった/
ADD	名高ければ	なだかければ	灘掛ければ	/名高ければ/
KEEP	成った	なった	成った	/綯った/
ADD	名乗り出た	なのりでた	名乗りでた	/名乗り出た/
ADD	名乗り出たら	なのりでたら	名乗りでたら	/名乗り出たら/
ADD	名乗り出て	なのりでて	名乗りでて	/名乗り出て/
ADD	名乗り出ない	なのりでない	名乗りでない	/名乗り出ない/
ADD	名乗り出なかった	なのりでなかった	名乗りでなかった	/名乗り出なかった/
ADD	名乗り出ました	なのりでました	名乗りでました	/名乗り出ました/
ADD	名乗り出ます	なのりでます	名乗りでます	/名乗り出ます/
ADD	名乗り出れば	なのりでれば	名乗りでれば	/名乗り出れば/
KEEP	波板	なみいた	波板	/並み居た/
ADD	波立った	なみだった	波だった	/波立った/
ADD	鳴り止まない	なりやまない	なり止まない	/鳴り止まない/
ADD	鳴り止まなかった	なりやまなかった	なり山なかった	/鳴り止まなかった/
ADD	鳴り止みました	なりやみました	なり止みました	/鳴り止みました/
ADD	鳴り止みます	なりやみます	なり止みます	/鳴り止みます/
ADD	鳴り止んだら	なりやんだら	なり止んだら	/鳴り止んだら/
ADD	馴れ合え	なれあえ	慣れ和え	/馴れ合え/
ADD	馴れ合えば	なれあえば	慣れ合えば	/馴れ合えば/
ADD	馴れ合おう	なれあおう	慣れあおう	/馴れ合おう/
ADD	馴れ合った	なれあった	慣れ会った	/馴れ合った/
ADD	馴れ合ったら	なれあったら	慣れあったら	/馴れ合ったら/
ADD	馴れ合って	なれあって	慣れあって	/馴れ合って/
ADD	馴れ合わない	なれあわない	慣れ合わない	/馴れ合わない/
ADD	馴れ合わなかった	なれあわなかった	慣れ合わなかった	/馴れ合わなかった/
KEEP	縄無い	なわない	縄無い	/綯わない/
KEEP	縄なかった	なわなかった	縄なかった	/綯わなかった/
ADD	似合いました	にあいました	に愛ました	/似合いました/
ADD	似合います	にあいます	に愛ます	/似合います/
ADD	似合った	にあった	に会った	/似合った/
ADD	似合わない	にあわない	に合わない	/似合わない/
ADD	似合わなかった	にあわなかった	に合わなかった	/似合わなかった/
ADD	匂い立たない	においたたない	に生い立たない	/匂い立たない/
ADD	匂い立たなかった	においたたなかった	に生い立たなかった	/匂い立たなかった/
UNSURE		においたちました	に生い立ちました	/匂い立ちました/
ADD	匂い立ちます	においたちます	に生い立ちます	/匂い立ちます/
UNSURE		においたった	に生い立った	/匂い立った/
ADD	匂い立ったら	においたったら	に生い立ったら	/匂い立ったら/
ADD	匂い立って	においたって	に生い立って	/匂い立って/
UNSURE		においたて	に追い立て	/匂い立て/
ADD	匂い立てば	においたてば	に生い立てば	/匂い立てば/
ADD	匂い立とう	においたとう	匂い経とう	/匂い立とう/
KEEP	に通った	にかよった	に通った	/似通った/
KEEP	に通って	にかよって	に通って	/似通って/
KEEP	に切った	にきった	に切った	/煮切った/
ADD	煮切ったら	にきったら	に切ったら	/煮切ったら/
KEEP	に切って	にきって	に切って	/煮切って/
ADD	煮切らない	にきらない	に切らない	/煮切らない/
KEEP	に切らなかった	にきらなかった	に切らなかった	/煮切らなかった/
ADD	煮切れ	にきれ	に切れ	/煮切れ/
ADD	煮切れば	にきれば	に切れば	/煮切れば/
ADD	煮切ろう	にきろう	に切ろう	/煮切ろう/
ADD	憎み合え	にくみあえ	憎み和え	/憎み合え/
ADD	憎み合った	にくみあった	憎み会った	/憎み合った/
ADD	憎み合ったら	にくみあったら	憎みあったら	/憎み合ったら/
UNSURE		にくみあって	憎みあって	/憎み合って/
KEEP	肉網	にくもう	肉網	/憎もう/
ADD	煮込もう	にこもう	二胡網	/煮込もう/
ADD	躙り出た	にじりでた	躙りでた	/躙り出た/
ADD	躙り出たら	にじりでたら	躙りでたら	/躙り出たら/
ADD	躙り出て	にじりでて	躙りでて	/躙り出て/
KEEP	躙りでない	にじりでない	躙りでない	/躙り出ない/
KEEP	躙りでなかった	にじりでなかった	躙りでなかった	/躙り出なかった/
ADD	躙り出ました	にじりでました	躙りでました	/躙り出ました/
ADD	躙り出ます	にじりでます	躙りでます	/躙り出ます/
ADD	躙り出れば	にじりでれば	躙りでれば	/躙り出れば/
ADD	似た	にた	仁多	/似た/煮た/
ADD	煮立ちました	にたちました	に達ました	/煮立ちました/
ADD	煮立ちます	にたちます	に達ます	/煮立ちます/
ADD	煮立った	にたった	に立った	/煮立った/
ADD	煮立ったら	にたったら	に経ったら	/煮立ったら/
UNSURE		にたって	に経って	/煮立って/
ADD	煮立てば	にたてば	に経てば	/煮立てば/
ADD	煮立てる	にたてる	に立てる	/煮立てる/
ADD	煮立とう	にたとう	に経とう	/煮立とう/
ADD	似て	にて	二手	/似て/煮て/
UNSURE		にない	に無い	/似ない/煮ない/
UNSURE		になった	に成った	/担った/
UNSURE		にふくまない	に含まない	/煮含まない/
UNSURE		にふくまなかった	に含まなかった	/煮含まなかった/
UNSURE		にふくみました	に含みました	/煮含みました/
UNSURE		にふくみます	に含みます	/煮含みます/
ADD	煮含もう	にふくもう	に含もう	/煮含もう/
UNSURE		にふくんだ	に含んだ	/煮含んだ/
ADD	煮含んだら	にふくんだら	に含んだら	/煮含んだら/
UNSURE		にふくんで	に含んで	/煮含んで/
KEEP	二葉	によう	二葉	/似よう/煮よう/
UNSURE		によった	に因った	/似寄った/
ADD	似寄ったら	によったら	に因ったら	/似寄ったら/
UNSURE		によって	に因って	/似寄って/
KEEP	に因らない	によらない	に因らない	/似寄らない/
KEEP	に因らなかった	によらなかった	に因らなかった	/似寄らなかった/
UNSURE		によりました	に因りました	/似寄りました/
KEEP	に因ります	によります	に因ります	/似寄ります/
ADD	似寄れ	によれ	に因れ	/似寄れ/
KEEP	に因れば	によれば	に因れば	/似寄れば/
ADD	似寄ろう	によろう	に因ろう	/似寄ろう/
ADD	脱いだら	ぬいだら	抜いだら	/脱いだら/
ADD	脱いで	ぬいで	抜いで	/脱いで/
ADD	縫い取った	ぬいとった	抜いとった	/縫い取った/
ADD	縫い取ったら	ぬいとったら	抜いとったら	/縫い取ったら/
ADD	縫い取って	ぬいとって	抜いとって	/縫い取って/
ADD	縫い取らない	ぬいとらない	抜い虎ない	/縫い取らない/
ADD	縫い取らなかった	ぬいとらなかった	抜い虎なかった	/縫い取らなかった/
ADD	縫い取りました	ぬいとりました	抜い鳥ました	/縫い取りました/
ADD	縫い取ります	ぬいとります	抜い鳥ます	/縫い取ります/
ADD	縫い取れ	ぬいとれ	抜い取れ	/縫い取れ/
KEEP	抜い取れば	ぬいとれば	抜い取れば	/縫い取れば/
ADD	縫い取ろう	ぬいとろう	抜い徒労	/縫い取ろう/
KEEP	抜いました	ぬいました	抜いました	/縫いました/
ADD	縫います	ぬいます	抜います	/縫います/
KEEP	鵺	ぬえ	鵺	/縫え/
ADD	抜き打たない	ぬきうたない	貫歌ない	/抜き打たない/
ADD	抜き打たなかった	ぬきうたなかった	貫歌なかった	/抜き打たなかった/
ADD	抜き打てば	ぬきうてば	貫打てば	/抜き打てば/
ADD	抜き打とう	ぬきうとう	貫疎う	/抜き打とう/
KEEP	抜きささない	ぬきささない	抜きささない	/抜き差さない/
KEEP	抜きささなかった	ぬきささなかった	抜きささなかった	/抜き差さなかった/
ADD	抜き差した	ぬきさした	抜き沙市た	/抜き差した/
ADD	抜き差したら	ぬきさしたら	抜き沙市たら	/抜き差したら/
ADD	抜き差して	ぬきさして	抜き沙市て	/抜き差して/
KEEP	抜き佐瀬	ぬきさせ	抜き佐瀬	/抜き差せ/
ADD	抜き差せば	ぬきさせば	抜き佐瀬ば	/抜き差せば/
KEEP	抜きさそう	ぬきさそう	抜きさそう	/抜き差そう/
ADD	抜き出た	ぬきでた	貫でた	/抜き出た/
ADD	抜き出たら	ぬきでたら	貫でたら	/抜き出たら/
ADD	抜き出て	ぬきでて	貫でて	/抜き出て/
ADD	抜き出ない	ぬきでない	貫でない	/抜き出ない/
ADD	抜き出なかった	ぬきでなかった	貫でなかった	/抜き出なかった/
ADD	抜き出ます	ぬきでます	貫でます	/抜き出ます/
ADD	抜き出れば	ぬきでれば	抜きでれば	/抜き出れば/
ADD	抜け出た	ぬけでた	抜けでた	/抜け出た/
ADD	抜け出よう	ぬけでよう	抜け出様	/抜け出よう/
ADD	盗み取ろう	ぬすみとろう	盗み徒労	/盗み取ろう/
ADD	塗り込んで	ぬりこんで	塗り紺で	/塗り込んで/
KEEP	濡れ	ぬれ	濡れ	/塗れ/
ADD	寝返った	ねがえった	ねが選った	/寝返った/
ADD	寝返ったら	ねがえったら	願えったら	/寝返ったら/
KEEP	願えって	ねがえって	願えって	/寝返って/
ADD	寝返らない	ねがえらない	ねが選らない	/寝返らない/
ADD	寝返れ	ねがえれ	願えれ	/寝返れ/
KEEP	願えれば	ねがえれば	願えれば	/寝返れば/
ADD	寝た	ねた	妬	/寝た/
ADD	寝直さない	ねなおさない	ね直さない	/寝直さない/
ADD	寝直さなかった	ねなおさなかった	ね直さなかった	/寝直さなかった/
ADD	寝直せ	ねなおせ	ね直せ	/寝直せ/
ADD	寝直せば	ねなおせば	ね直せば	/寝直せば/
ADD	値引かない	ねびかない	ねび敵い	/値引かない/
UNSURE		のこれ	の此れ	/残れ/
ADD	残れば	のこれば	の此れば	/残れば/
ADD	残ろう	のころう	の古老	/残ろう/
KEEP	伸した	のした	伸した	/熨した/
KEEP	伸して	のして	伸して	/熨して/
KEEP	伸しました	のしました	伸しました	/熨しました/
KEEP	伸します	のします	伸します	/熨します/
KEEP	乗せ	のせ	乗せ	/熨せ/
KEEP	の溜まった	のたまった	の溜まった	/宣った/
ADD	野垂れ死ね	のたれじね	の垂れじね	/野垂れ死ね/
ADD	野垂れ死のう	のたれじのう	の垂れじのう	/野垂れ死のう/
ADD	上せ	のぼせ	逆上せ	/上せ/
ADD	飲み歩いた	のみあるいた	のみ歩いた	/飲み歩いた/
ADD	飲み歩いたら	のみあるいたら	のみ歩いたら	/飲み歩いたら/
KEEP	のみ歩いて	のみあるいて	のみ歩いて	/飲み歩いて/
ADD	飲み歩きました	のみあるきました	のみ歩きました	/飲み歩きました/
KEEP	のみ歩きます	のみあるきます	のみ歩きます	/飲み歩きます/
KEEP	のみ歩けば	のみあるけば	のみ歩けば	/飲み歩けば/
ADD	飲み歩こう	のみあるこう	のみある抗	/飲み歩こう/
ADD	飲み倒さない	のみたおさない	のみ倒さない	/飲み倒さない/
ADD	飲み倒さなかった	のみたおさなかった	のみ倒さなかった	/飲み倒さなかった/
ADD	飲み倒した	のみたおした	のみ倒した	/飲み倒した/
ADD	飲み倒したら	のみたおしたら	のみ倒したら	/飲み倒したら/
ADD	飲み倒して	のみたおして	のみ倒して	/飲み倒して/
ADD	飲み倒しました	のみたおしました	のみ倒しました	/飲み倒しました/
ADD	飲み倒します	のみたおします	のみ倒します	/飲み倒します/
ADD	飲み倒せ	のみたおせ	のみ倒せ	/飲み倒せ/
ADD	飲み倒せば	のみたおせば	のみ倒せば	/飲み倒せば/
ADD	飲み倒そう	のみたおそう	のみ倒そう	/飲み倒そう/
ADD	飲み足ったら	のみたったら	のみ経ったら	/飲み足ったら/
KEEP	のみ経って	のみたって	のみ経って	/飲み足って/
ADD	飲み足りました	のみたりました	のみ足りました	/飲み足りました/
UNSURE		のみたれ	のみ垂れ	/飲み足れ/
ADD	飲み足れば	のみたれば	のみ垂れば	/飲み足れば/
KEEP	のみ太郎	のみたろう	のみ太郎	/飲み足ろう/
ADD	飲み直さない	のみなおさない	のみ直さない	/飲み直さない/
ADD	飲み直さなかった	のみなおさなかった	のみ直さなかった	/飲み直さなかった/
ADD	飲み直した	のみなおした	の見直した	/飲み直した/
ADD	飲み直したら	のみなおしたら	の見直したら	/飲み直したら/
ADD	飲み直して	のみなおして	のみ直して	/飲み直して/
ADD	飲み直しました	のみなおしました	のみ直しました	/飲み直しました/
ADD	飲み直します	のみなおします	のみ直します	/飲み直します/
ADD	飲み直せ	のみなおせ	の見直せ	/飲み直せ/
ADD	飲み直せば	のみなおせば	のみ直せば	/飲み直せば/
ADD	飲み直そう	のみなおそう	のみ直そう	/飲み直そう/
KEEP	海苔和え	のりあえ	海苔和え	/乗り合え/
ADD	乗り合えば	のりあえば	海苔会えば	/乗り合えば/
ADD	乗り合おう	のりあおう	海苔あおう	/乗り合おう/
ADD	乗り合った	のりあった	海苔会った	/乗り合った/
ADD	乗り合ったら	のりあったら	海苔あったら	/乗り合ったら/
ADD	乗り合って	のりあって	海苔あって	/乗り合って/
ADD	乗り入った	のりいった	海苔行った	/乗り入った/
ADD	乗り入ったら	のりいったら	海苔言ったら	/乗り入ったら/
ADD	乗り入って	のりいって	海苔言って	/乗り入って/
KEEP	海苔要らない	のりいらない	海苔要らない	/乗り入らない/
ADD	乗り入らなかった	のりいらなかった	海苔要らなかった	/乗り入らなかった/
ADD	乗り入ろう	のりいろう	海苔要ろう	/乗り入ろう/
ADD	乗り潰さない	のりつぶさない	海苔潰さない	/乗り潰さない/
ADD	乗り潰さなかった	のりつぶさなかった	海苔潰さなかった	/乗り潰さなかった/
ADD	乗り潰した	のりつぶした	海苔潰した	/乗り潰した/
ADD	乗り潰したら	のりつぶしたら	海苔潰したら	/乗り潰したら/
ADD	乗り潰して	のりつぶして	海苔潰して	/乗り潰して/
ADD	乗り潰しました	のりつぶしました	海苔潰しました	/乗り潰しました/
ADD	乗り潰します	のりつぶします	海苔潰します	/乗り潰します/
ADD	乗り潰せ	のりつぶせ	海苔潰せ	/乗り潰せ/
ADD	乗り潰せば	のりつぶせば	海苔潰せば	/乗り潰せば/
ADD	乗り潰そう	のりつぶそう	海苔潰そう	/乗り潰そう/
ADD	乗ろう	のろう	呪う	/乗ろう/
ADD	這い込め	はいこめ	肺込め	/這い込め/
ADD	履いた	はいた	排他	/吐いた/履いた/掃いた/刷いた/佩いた/
ADD	吐いたら	はいたら	肺たら	/吐いたら/履いたら/掃いたら/刷いたら/佩いたら/
KEEP	灰田	はいだ	灰田	/剥いだ/矧いだ/
ADD	矧いだら	はいだら	肺だら	/矧いだら/
ADD	入って	はいって	肺って	/入って/
ADD	履いて	はいて	肺て	/吐いて/履いて/掃いて/刷いて/佩いて/
ADD	剥いで	はいで	這い出	/剥いで/矧いで/
ADD	這い出ない	はいでない	肺でない	/這い出ない/
ADD	這い出なかった	はいでなかった	肺でなかった	/這い出なかった/
ADD	這い上った	はいのぼった	肺登った	/這い上った/
ADD	這い上ったら	はいのぼったら	肺上ったら	/這い上ったら/
ADD	這い上らない	はいのぼらない	肺上らない	/這い上らない/
ADD	這い上らなかった	はいのぼらなかった	肺上らなかった	/這い上らなかった/
UNSURE		はいのぼりました	肺上りました	/這い上りました/
ADD	這い上ります	はいのぼります	肺上ります	/這い上ります/
ADD	這い上れ	はいのぼれ	肺上れ	/這い上れ/
ADD	這い上れば	はいのぼれば	肺上れば	/這い上れば/
ADD	這い上ろう	はいのぼろう	肺上ろう	/這い上ろう/
ADD	這います	はいます	肺ます	/這います/
ADD	這い寄った	はいよった	肺因った	/這い寄った/
ADD	這い寄ったら	はいよったら	肺因ったら	/這い寄ったら/
ADD	這い寄って	はいよって	肺因って	/這い寄って/
ADD	這い寄らない	はいよらない	肺因らない	/這い寄らない/
ADD	這い寄らなかった	はいよらなかった	肺因らなかった	/這い寄らなかった/
ADD	這い寄りました	はいよりました	肺因りました	/這い寄りました/
ADD	這い寄ります	はいよります	肺因ります	/這い寄ります/
ADD	這い寄れ	はいよれ	肺因れ	/這い寄れ/
ADD	這い寄れば	はいよれば	肺因れば	/這い寄れば/
ADD	這い寄ろう	はいよろう	肺ヨロウ	/這い寄ろう/
KEEP	蠅	はえ	蠅	/這え/
KEEP	覇王	はおう	覇王	/這おう/
KEEP	は俺	はおれ	は俺	/羽織れ/
KEEP	儚い	はかない	儚い	/吐かない/履かない/掃かない/刷かない/佩かない/
ADD	計り知った	はかりしった	図り叱咤	/計り知った/
ADD	計り知ったら	はかりしったら	図り知ったら	/計り知ったら/
ADD	計り知って	はかりしって	図り知って	/計り知って/
ADD	計り知らない	はかりしらない	図り知らない	/計り知らない/
ADD	計り知らなかった	はかりしらなかった	図り知らなかった	/計り知らなかった/
ADD	計り知りました	はかりしりました	図り知りました	/計り知りました/
ADD	計り知ります	はかりしります	図り知ります	/計り知ります/
ADD	計り知ろう	はかりしろう	図り知ろう	/計り知ろう/
KEEP	刷毛	はけ	刷毛	/吐け/履け/掃け/刷け/佩け/
KEEP	禿	はげ	禿	/矧げ/
KEEP	波高	はこう	波高	/吐こう/履こう/掃こう/刷こう/佩こう/
KEEP	は号	はごう	は号	/剥ごう/矧ごう/
ADD	走らない	はしらない	は知らない	/走らない/奔らない/
UNSURE		はしらなかった	は知らなかった	/走らなかった/奔らなかった/
ADD	走れ	はしれ	は知れ	/走れ/奔れ/
ADD	弾き飛ばない	はじきとばない	土師器飛ばない	/弾き飛ばない/
ADD	弾き飛ばなかった	はじきとばなかった	土師器飛ばなかった	/弾き飛ばなかった/
ADD	弾き飛べ	はじきとべ	土師器とべ	/弾き飛べ/
ADD	弾き飛べば	はじきとべば	土師器飛べば	/弾き飛べば/
ADD	弾き飛ぼう	はじきとぼう	土師器とぼう	/弾き飛ぼう/
ADD	弾き飛んだ	はじきとんだ	土師器飛んだ	/弾き飛んだ/
ADD	弾もう	はずもう	筈網	/弾もう/
ADD	張った	はった	八田	/這った/張った/
KEEP	話あったら	はなしあったら	話あったら	/話し合ったら/
ADD	話した	はなした	話た	/話した/離した/放した/
ADD	話したら	はなしたら	話たら	/話したら/離したら/放したら/
ADD	話して	はなして	話て	/話して/離して/放して/
ADD	話しました	はなしました	話ました	/話しました/離しました/放しました/
ADD	話します	はなします	話ます	/話します/離します/放します/
ADD	放った	はなった	は成った	/放った/
ADD	跳ね回った	はねまわった	撥ね回った	/跳ね回った/
ADD	跳ね回ったら	はねまわったら	撥ね回ったら	/跳ね回ったら/
ADD	跳ね回って	はねまわって	撥ね回って	/跳ね回って/
ADD	跳ね回らない	はねまわらない	撥ね回らない	/跳ね回らない/
ADD	跳ね回らなかった	はねまわらなかった	撥ね回らなかった	/跳ね回らなかった/
ADD	跳ね回りました	はねまわりました	撥ね回りました	/跳ね回りました/
ADD	跳ね回ります	はねまわります	撥ね回ります	/跳ね回ります/
ADD	跳ね回れ	はねまわれ	撥ね回れ	/跳ね回れ/
ADD	跳ね回れば	はねまわれば	撥ね回れば	/跳ね回れば/
ADD	跳ね回ろう	はねまわろう	撥ね回ろう	/跳ね回ろう/
UNSURE		はみました	は見ました	/食みました/
KEEP	は見ます	はみます	は見ます	/食みます/
KEEP	羽目	はめ	羽目	/食め/
ADD	ハモった	はもった	は持った	/ハモった/
ADD	ハモったら	はもったら	は持ったら	/ハモったら/
KEEP	は持って	はもって	は持って	/ハモって/
ADD	ハモらない	はもらない	は盛らない	/ハモらない/
ADD	ハモらなかった	はもらなかった	は盛らなかった	/ハモらなかった/
ADD	ハモりました	はもりました	は森ました	/ハモりました/
ADD	ハモります	はもります	は森ます	/ハモります/
KEEP	は漏れ	はもれ	は漏れ	/ハモれ/
ADD	ハモれば	はもれば	は盛れば	/ハモれば/
KEEP	速さなかった	はやさなかった	速さなかった	/囃さなかった/
ADD	囃した	はやした	生やした	/囃した/
ADD	囃して	はやして	生やして	/囃して/
ADD	囃します	はやします	生やします	/囃します/
KEEP	生やせ	はやせ	生やせ	/囃せ/
ADD	囃せば	はやせば	生やせば	/囃せば/
ADD	腹立たない	はらだたない	原田たない	/腹立たない/
ADD	腹立ちます	はらだちます	原田ちます	/腹立ちます/
ADD	腹立った	はらだった	原だった	/腹立った/
ADD	腹立ったら	はらだったら	原だったら	/腹立ったら/
ADD	腹立って	はらだって	原田って	/腹立って/
ADD	腹立て	はらだて	原田て	/腹立て/
ADD	腹立てば	はらだてば	原田てば	/腹立てば/
KEEP	原田とう	はらだとう	原田とう	/腹立とう/
ADD	張らない	はらない	原ない	/張らない/
ADD	張らなかった	はらなかった	原なかった	/張らなかった/
ADD	張り込める	はりこめる	針込める	/張り込める/
ADD	張りました	はりました	針ました	/張りました/
ADD	張ります	はります	針ます	/張ります/
KEEP	針渡さない	はりわたさない	針渡さない	/張り渡さない/
ADD	張り渡さなかった	はりわたさなかった	針渡さなかった	/張り渡さなかった/
KEEP	針渡せ	はりわたせ	針渡せ	/張り渡せ/
ADD	張り渡せば	はりわたせば	針渡せば	/張り渡せば/
ADD	張り渡そう	はりわたそう	針渡そう	/張り渡そう/
KEEP	晴	はれ	晴	/張れ/
KEEP	晴ば	はれば	晴ば	/張れば/
KEEP	波浪	はろう	波浪	/張ろう/
KEEP	半田	はんだ	半田	/食んだ/
KEEP	ハンデ	はんで	ハンデ	/食んで/
ADD	パニクった	ぱにくった	ぱに食った	/パニクった/
ADD	パニクったら	ぱにくったら	ぱに繰ったら	/パニクったら/
ADD	パニクって	ぱにくって	ぱに食って	/パニクって/
ADD	パニクらない	ぱにくらない	ぱに繰らない	/パニクらない/
ADD	パニクります	ぱにくります	ぱに繰ります	/パニクります/
ADD	パニクれ	ぱにくれ	ぱに呉れ	/パニクれ/
ADD	パニクれば	ぱにくれば	ぱに来れば	/パニクれば/
ADD	パニクろう	ぱにくろう	ぱに苦労	/パニクろう/
ADD	引かない	ひかない	皮下ない	/引かない/弾かない/挽かない/
ADD	引かなかった	ひかなかった	皮下なかった	/引かなかった/弾かなかった/挽かなかった/
ADD	光りました	ひかりました	光ました	/光りました/
ADD	光ります	ひかります	光ます	/光ります/
ADD	光れ	ひかれ	皮下れ	/光れ/
ADD	僻め	ひがめ	僻目	/僻め/
ADD	引き合え	ひきあえ	匹和え	/引き合え/
ADD	引き合えば	ひきあえば	匹会えば	/引き合えば/
ADD	引き合おう	ひきあおう	匹あおう	/引き合おう/
ADD	引き合った	ひきあった	匹会った	/引き合った/
ADD	引き合ったら	ひきあったら	匹あったら	/引き合ったら/
ADD	引き合って	ひきあって	匹あって	/引き合って/
ADD	引き入った	ひきいった	匹行った	/引き入った/
ADD	引き入らない	ひきいらない	匹要らない	/引き入らない/
ADD	引き入らなかった	ひきいらなかった	匹要らなかった	/引き入らなかった/
ADD	引き入ります	ひきいります	率いります	/引き入ります/
ADD	引き入れば	ひきいれば	率いれば	/引き入れば/
ADD	引き入ろう	ひきいろう	ひきい郎	/引き入ろう/
ADD	弾き語ったら	ひきがたったら	匹が経ったら	/弾き語ったら/
ADD	弾き語って	ひきがたって	匹が経って	/弾き語って/
KEEP	匹がたらない	ひきがたらない	匹がたらない	/弾き語らない/
ADD	弾き語ります	ひきがたります	匹が足ります	/弾き語ります/
ADD	弾き語れ	ひきがたれ	匹が垂れ	/弾き語れ/
ADD	弾き語れば	ひきがたれば	匹が足れば	/弾き語れば/
ADD	弾き語ろう	ひきがたろう	匹が太郎	/弾き語ろう/
ADD	引き倒さない	ひきたおさない	匹倒さない	/引き倒さない/
ADD	引き倒さなかった	ひきたおさなかった	匹倒さなかった	/引き倒さなかった/
ADD	引き倒した	ひきたおした	匹倒した	/引き倒した/
ADD	引き倒したら	ひきたおしたら	匹倒したら	/引き倒したら/
ADD	引き倒して	ひきたおして	匹倒して	/引き倒して/
ADD	引き倒しました	ひきたおしました	匹倒しました	/引き倒しました/
ADD	引き倒します	ひきたおします	匹倒します	/引き倒します/
ADD	引き倒せ	ひきたおせ	匹倒せ	/引き倒せ/
ADD	引き倒せば	ひきたおせば	匹倒せば	/引き倒せば/
ADD	引き倒そう	ひきたおそう	匹倒そう	/引き倒そう/
KEEP	引き連れる	ひきつれる	引き連れる	/引き攣れる/
ADD	引き直さない	ひきなおさない	匹直さない	/引き直さない/
ADD	引き直さなかった	ひきなおさなかった	匹直さなかった	/引き直さなかった/
KEEP	匹はがない	ひきはがない	匹はがない	/引き剥がない/
KEEP	匹禿	ひきはげ	匹禿	/引き剥げ/
ADD	引き剥げば	ひきはげば	匹剥げば	/引き剥げば/
ADD	引き剥ごう	ひきはごう	匹は号	/引き剥ごう/
KEEP	引け	ひけ	引け	/挽け/
KEEP	飛行	ひこう	飛行	/引こう/弾こう/挽こう/
KEEP	飛砂がなかった	ひさがなかった	飛砂がなかった	/鬻がなかった/
KEEP	菱がない	ひしがない	菱がない	/拉がない/
KEEP	菱がなかった	ひしがなかった	菱がなかった	/拉がなかった/
KEEP	浸ら	ひたら	浸ら	/干たら/
KEEP	引っ掛け	ひっかけ	引っ掛け	/引っ掻け/
KEEP	比内	ひない	比内	/干ない/
KEEP	非なかった	ひなかった	非なかった	/干なかった/
ADD	紐解こう	ひもとこう	紐と抗	/紐解こう/
ADD	日和った	ひよった	干よった	/日和った/
ADD	日和ったら	ひよったら	干よったら	/日和ったら/
ADD	日和らない	ひよらない	非因らない	/日和らない/
ADD	日和りました	ひよりました	日和ました	/日和りました/
ADD	日和ります	ひよります	日和ます	/日和ります/
ADD	日和れ	ひよれ	干よれ	/日和れ/
ADD	日和れば	ひよれば	非因れば	/日和れば/
KEEP	ヒヨ郎	ひよろう	ヒヨ郎	/日和ろう/
KEEP	平光	ひらこう	平光	/開こう/
ADD	閃こう	ひらめこう	平目抗	/閃こう/
ADD	怯まない	ひるまない	昼間ない	/怯まない/
KEEP	昼間なかった	ひるまなかった	昼間なかった	/怯まなかった/
KEEP	尋	ひろ	尋	/干ろ/
ADD	拭かない	ふかない	深ない	/吹かない/拭かない/葺かない/
KEEP	深なかった	ふかなかった	深なかった	/吹かなかった/拭かなかった/葺かなかった/
KEEP	拭き込まない	ふきこまない	拭き込まない	/吹き込まない/
KEEP	拭き込まなかった	ふきこまなかった	拭き込まなかった	/吹き込まなかった/
KEEP	拭き込みました	ふきこみました	拭き込みました	/吹き込みました/
KEEP	拭き込みます	ふきこみます	拭き込みます	/吹き込みます/
ADD	吹き込めば	ふきこめば	拭き込めば	/吹き込めば/
ADD	吹き込もう	ふきこもう	拭き込もう	/吹き込もう/
ADD	吹き込んだ	ふきこんだ	拭き込んだ	/吹き込んだ/
ADD	吹き込んだら	ふきこんだら	拭き込んだら	/吹き込んだら/
KEEP	拭き込んで	ふきこんで	拭き込んで	/吹き込んで/
ADD	吹き流さない	ふきながさない	付記流さない	/吹き流さない/
ADD	吹き流せ	ふきながせ	拭き長瀬	/吹き流せ/
ADD	吹き流せば	ふきながせば	付記流せば	/吹き流せば/
ADD	吹き止まない	ふきやまない	付記止まない	/吹き止まない/
ADD	吹き止みました	ふきやみました	吹き矢見ました	/吹き止みました/
ADD	吹き止みます	ふきやみます	吹き矢見ます	/吹き止みます/
ADD	吹き止めば	ふきやめば	付記止めば	/吹き止めば/
KEEP	吹き矢網	ふきやもう	吹き矢網	/吹き止もう/
ADD	吹き止んだ	ふきやんだ	付記やんだ	/吹き止んだ/
ADD	吹き止んだら	ふきやんだら	付記止んだら	/吹き止んだら/
ADD	吹き止んで	ふきやんで	付記やんで	/吹き止んで/
ADD	拭け	ふけ	普化	/吹け/拭け/葺け/
KEEP	不幸	ふこう	不幸	/吹こう/拭こう/葺こう/
KEEP	付せ	ふせ	付せ	/臥せ/
KEEP	扶桑	ふそう	扶桑	/伏そう/臥そう/
ADD	振り込め	ふりこめ	降り籠め	/振り込め/
ADD	震いました	ふるいました	振るいました	/震いました/篩いました/
KEEP	振るいます	ふるいます	振るいます	/震います/篩います/
KEEP	震え	ふるえ	震え	/篩え/
KEEP	振るえば	ふるえば	振るえば	/震えば/篩えば/
KEEP	振るおう	ふるおう	振るおう	/震おう/篩おう/
KEEP	古瀬	ふるせ	古瀬	/古せ/
KEEP	振るった	ふるった	振るった	/震った/篩った/
KEEP	振るったら	ふるったら	振るったら	/震ったら/篩ったら/
KEEP	振るって	ふるって	振るって	/震って/篩って/
KEEP	振るわない	ふるわない	振るわない	/震わない/篩わない/
KEEP	振るわなかった	ふるわなかった	振るわなかった	/震わなかった/篩わなかった/
KEEP	触れ	ふれ	触れ	/降れ/
KEEP	触れる	ふれる	触れる	/振れる/
KEEP	不老	ふろう	不老	/振ろう/降ろう/
ADD	撫せ	ぶせ	ぶせ	/撫せ/
KEEP	武装	ぶそう	武装	/撫そう/
KEEP	下手	へた	下手	/経た/
KEEP	減ろ	へろ	減ろ	/経ろ/
KEEP	放浪	ほうろう	放浪	/放ろう/
ADD	吠え立たない	ほえたたない	ほえ経たない	/吠え立たない/
ADD	吠え立たなかった	ほえたたなかった	ほえ経たなかった	/吠え立たなかった/
ADD	吠え立ちました	ほえたちました	ほえ達ました	/吠え立ちました/
ADD	吠え立ちます	ほえたちます	ほえ達ます	/吠え立ちます/
ADD	吠え立ったら	ほえたったら	ほえ経ったら	/吠え立ったら/
ADD	吠え立って	ほえたって	ほえ経って	/吠え立って/
ADD	吠え立とう	ほえたとう	ほえ経とう	/吠え立とう/
ADD	誇れ	ほこれ	保此れ	/誇れ/
KEEP	星た	ほした	星た	/干した/
KEEP	星たら	ほしたら	星たら	/干したら/
ADD	干して	ほして	星て	/干して/
ADD	干しました	ほしました	星ました	/干しました/
ADD	干します	ほします	星ます	/干します/
KEEP	保せ	ほせ	保せ	/干せ/
KEEP	舗装	ほそう	舗装	/干そう/
ADD	掘らない	ほらない	洞ない	/掘らない/彫らない/
ADD	掘らなかった	ほらなかった	洞なかった	/掘らなかった/彫らなかった/
ADD	掘り崩さない	ほりくずさない	ほり崩さない	/掘り崩さない/
ADD	掘り崩さなかった	ほりくずさなかった	ほり崩さなかった	/掘り崩さなかった/
ADD	掘り崩した	ほりくずした	ほり崩した	/掘り崩した/
ADD	掘り崩したら	ほりくずしたら	ほり崩したら	/掘り崩したら/
ADD	掘り崩して	ほりくずして	ほり崩して	/掘り崩して/
ADD	掘り崩しました	ほりくずしました	ほり崩しました	/掘り崩しました/
ADD	掘り崩します	ほりくずします	ほり崩します	/掘り崩します/
ADD	掘り崩せ	ほりくずせ	ほり崩せ	/掘り崩せ/
ADD	掘り崩せば	ほりくずせば	ほり崩せば	/掘り崩せば/
ADD	掘り崩そう	ほりくずそう	ほり崩そう	/掘り崩そう/
ADD	掘り進める	ほりすすめる	堀勧める	/掘り進める/
ADD	掘り抜かなかった	ほりぬかなかった	ほり抜かなかった	/掘り抜かなかった/
ADD	掘り抜きました	ほりぬきました	ほり抜きました	/掘り抜きました/
ADD	掘り抜きます	ほりぬきます	ほり抜きます	/掘り抜きます/
ADD	掘り抜け	ほりぬけ	ほり抜け	/掘り抜け/
UNSURE		ほりぬけば	ほり抜けば	/掘り抜けば/
ADD	掘り抜こう	ほりぬこう	ほり抜こう	/掘り抜こう/
ADD	掘れ	ほれ	ほれ	/掘れ/彫れ/
ADD	掘ろう	ほろう	歩廊	/掘ろう/彫ろう/
KEEP	滅びされば	ほろびされば	滅びされば	/滅び去れば/
KEEP	毎田	まいた	毎田	/巻いた/撒いた/蒔いた/
KEEP	前	まえ	前	/舞え/
KEEP	前歯	まえば	前歯	/舞えば/
KEEP	魔王	まおう	魔王	/舞おう/
KEEP	賄い	まかない	賄い	/巻かない/撒かない/蒔かない/
ADD	撒かなかった	まかなかった	摩訶なかった	/巻かなかった/撒かなかった/蒔かなかった/
KEEP	曲がった	まがった	曲がった	/紛った/
KEEP	曲がったら	まがったら	曲がったら	/紛ったら/
KEEP	曲がって	まがって	曲がって	/紛って/
ADD	巻き戻さない	まきもどさない	巻戻さない	/巻き戻さない/
ADD	巻き戻さなかった	まきもどさなかった	巻戻さなかった	/巻き戻さなかった/
ADD	巻き戻せ	まきもどせ	巻戻せ	/巻き戻せ/
ADD	巻き戻せば	まきもどせば	巻戻せば	/巻き戻せば/
ADD	巻き戻そう	まきもどそう	巻戻そう	/巻き戻そう/
KEEP	負け	まけ	負け	/巻け/撒け/蒔け/
KEEP	磨香	まこう	磨香	/巻こう/撒こう/蒔こう/
KEEP	ました	ました	ました	/増した/
KEEP	況して	まして	況して	/増して/
ADD	増せ	ませ	籬	/増せ/
ADD	跨がない	またがない	又がない	/跨がない/
ADD	跨がなかった	またがなかった	又がなかった	/跨がなかった/
ADD	跨ぎ越さない	またぎこさない	股木越さない	/跨ぎ越さない/
ADD	跨ぎ越さなかった	またぎこさなかった	股木越さなかった	/跨ぎ越さなかった/
ADD	跨ぎ越した	またぎこした	跨ぎ漉した	/跨ぎ越した/
ADD	跨ぎ越したら	またぎこしたら	跨ぎ漉したら	/跨ぎ越したら/
ADD	跨ぎ越して	またぎこして	跨ぎ漉して	/跨ぎ越して/
ADD	跨ぎ越しました	またぎこしました	跨ぎ漉しました	/跨ぎ越しました/
ADD	跨ぎ越します	またぎこします	跨ぎ漉します	/跨ぎ越します/
ADD	跨ぎ越せ	またぎこせ	股木漉せ	/跨ぎ越せ/
ADD	跨ぎ越せば	またぎこせば	股木漉せば	/跨ぎ越せば/
KEEP	又号	またごう	又号	/跨ごう/
ADD	待たない	またない	又ない	/待たない/
ADD	待たなかった	またなかった	又なかった	/待たなかった/
ADD	待ち合わさない	まちあわさない	町遭わさない	/待ち合わさない/
ADD	待ち合わさなかった	まちあわさなかった	町遭わさなかった	/待ち合わさなかった/
ADD	待ち合わした	まちあわした	町合わした	/待ち合わした/
ADD	待ち合わしたら	まちあわしたら	町合わしたら	/待ち合わしたら/
ADD	待ち合わして	まちあわして	町合わして	/待ち合わして/
ADD	待ち合わしました	まちあわしました	町合わしました	/待ち合わしました/
ADD	待ち合わします	まちあわします	町合わします	/待ち合わします/
ADD	待ちました	まちました	町ました	/待ちました/
ADD	待ちます	まちます	町ます	/待ちます/
KEEP	纏う	まとう	纏う	/待とう/
UNSURE		まぶさなかった	まぶ差なかった	/塗さなかった/
KEEP	まぶ創	まぶそう	まぶ創	/塗そう/
ADD	見劣った	みおとった	みお取った	/見劣った/
ADD	見劣ったら	みおとったら	みお取ったら	/見劣ったら/
ADD	見劣って	みおとって	みお取って	/見劣って/
ADD	見劣れ	みおとれ	みお取れ	/見劣れ/
ADD	見劣ろう	みおとろう	みお徒労	/見劣ろう/
ADD	ミスらない	みすらない	見すらない	/ミスらない/
KEEP	見すらなかった	みすらなかった	見すらなかった	/ミスらなかった/
ADD	ミスれ	みすれ	魅すれ	/ミスれ/
ADD	ミスれば	みすれば	魅すれば	/ミスれば/
ADD	水臭く	みずくさく	水句作	/水臭く/
ADD	水臭くない	みずくさくない	水句作ない	/水臭くない/
ADD	水臭くなかった	みずくさくなかった	水句作なかった	/水臭くなかった/
ADD	禊ぎました	みそぎました	禊ました	/禊ぎました/
ADD	禊ぎます	みそぎます	禊ます	/禊ぎます/
KEEP	味噌号	みそごう	味噌号	/禊ごう/
ADD	見違おう	みちがおう	道が王	/見違おう/
UNSURE		みって	見って	/満って/
KEEP	見てば	みてば	見てば	/満てば/
KEEP	見てる	みてる	見てる	/満てる/
KEEP	未踏	みとう	未踏	/満とう/
ADD	見通せ	みとうせ	満とうせ	/見通せ/
ADD	見通せば	みとうせば	満とうせば	/見通せば/
ADD	認め合え	みとめあえ	認め和え	/認め合え/
ADD	認め合った	みとめあった	認め会った	/認め合った/
KEEP	見惚れ	みとれ	見惚れ	/見取れ/
ADD	見回せ	みまわせ	見舞わせ	/見回せ/
UNSURE		みまわれ	見舞われ	/見回れ/
ADD	耳聡く	みみざとく	耳座得	/耳聡く/
ADD	迎え取ろう	むかえとろう	迎え徒労	/迎え取ろう/
ADD	向かない	むかない	無化ない	/向かない/剥かない/
ADD	向かなかった	むかなかった	無化なかった	/向かなかった/剥かなかった/
KEEP	向けば	むけば	向けば	/剥けば/
KEEP	無効	むこう	無効	/剥こう/
ADD	貪り食ったら	むさぼりくったら	貪り繰ったら	/貪り食ったら/
UNSURE		むさぼりよもう	貪りよ網	/貪り読もう/
ADD	貪り読んだら	むさぼりよんだら	貪り四だら	/貪り読んだら/
ADD	貪り読んで	むさぼりよんで	貪り四で	/貪り読んで/
ADD	咽んだ	むせんだ	無線だ	/咽んだ/
ADD	咽んだら	むせんだら	無線だら	/咽んだら/
KEEP	無線で	むせんで	無線で	/咽んで/
KEEP	明朗	めいろう	明朗	/滅入ろう/
ADD	恵まない	めぐまない	芽ぐまない	/恵まない/
ADD	恵まなかった	めぐまなかった	芽ぐまなかった	/恵まなかった/
ADD	恵みました	めぐみました	芽ぐみました	/恵みました/
ADD	恵みます	めぐみます	芽ぐみます	/恵みます/
ADD	恵め	めぐめ	芽ぐめ	/恵め/
ADD	恵めば	めぐめば	芽ぐめば	/恵めば/
ADD	恵もう	めぐもう	芽ぐもう	/恵もう/
ADD	恵んだ	めぐんだ	芽ぐんだ	/恵んだ/
ADD	恵んだら	めぐんだら	芽ぐんだら	/恵んだら/
ADD	恵んで	めぐんで	芽ぐんで	/恵んで/
KEEP	召し仕え	めしつかえ	召し仕え	/召し使え/
KEEP	飯使えば	めしつかえば	飯使えば	/召し使えば/
KEEP	飯使おう	めしつかおう	飯使おう	/召し使おう/
KEEP	飯使った	めしつかった	飯使った	/召し使った/
KEEP	飯使ったら	めしつかったら	飯使ったら	/召し使ったら/
KEEP	飯使って	めしつかって	飯使って	/召し使って/
KEEP	飯使わない	めしつかわない	飯使わない	/召し使わない/
KEEP	飯使わなかった	めしつかわなかった	飯使わなかった	/召し使わなかった/
ADD	メモった	めもった	目盛った	/メモった/
ADD	メモったら	めもったら	目盛ったら	/メモったら/
ADD	メモって	めもって	目盛って	/メモって/
ADD	メモらない	めもらない	目盛らない	/メモらない/
ADD	メモらなかった	めもらなかった	目盛らなかった	/メモらなかった/
ADD	メモりました	めもりました	目盛りました	/メモりました/
ADD	メモります	めもります	目盛ります	/メモります/
ADD	メモれ	めもれ	目盛れ	/メモれ/
ADD	メモれば	めもれば	目盛れば	/メモれば/
ADD	メモろう	めもろう	目盛ろう	/メモろう/
UNSURE		もうしひらけば	孟子開けば	/申し開けば/
KEEP	妄想	もうそう	妄想	/申そう/
KEEP	模試た	もした	模試た	/燃した/
ADD	燃したら	もしたら	模試たら	/燃したら/
ADD	燃して	もして	模試て	/燃して/
ADD	燃します	もします	模試ます	/燃します/
ADD	燃せ	もせ	模せ	/燃せ/
KEEP	模奏	もそう	模奏	/燃そう/
ADD	持ち合え	もちあえ	持ち和え	/持ち合え/
ADD	持ち合えば	もちあえば	持ち会えば	/持ち合えば/
ADD	持ち合おう	もちあおう	持ちあおう	/持ち合おう/
ADD	持ち合った	もちあった	持ち会った	/持ち合った/
ADD	持ち合ったら	もちあったら	持ちあったら	/持ち合ったら/
ADD	持ち合って	もちあって	持ちあって	/持ち合って/
ADD	持ち合わない	もちあわない	糯粟ない	/持ち合わない/
ADD	持ち合わなかった	もちあわなかった	糯粟なかった	/持ち合わなかった/
ADD	求め合え	もとめあえ	求め和え	/求め合え/
ADD	求め合った	もとめあった	求め会った	/求め合った/
ADD	物語りました	ものがたりました	物語ました	/物語りました/
ADD	物語ります	ものがたります	物語ます	/物語ります/
ADD	揉み出した	もみだした	も乱した	/揉み出した/
ADD	揉み出したら	もみだしたら	も乱したら	/揉み出したら/
ADD	揉み出します	もみだします	も乱します	/揉み出します/
ADD	揉み出せ	もみだせ	も乱せ	/揉み出せ/
ADD	揉み出せば	もみだせば	も乱せば	/揉み出せば/
KEEP	も見ました	もみました	も見ました	/揉みました/
ADD	揉みます	もみます	も見ます	/揉みます/
ADD	揉もう	ももう	も網	/揉もう/
ADD	盛りました	もりました	森ました	/盛りました/漏りました/
ADD	盛ります	もります	森ます	/盛ります/漏ります/
KEEP	漏れ	もれ	漏れ	/盛れ/
KEEP	脆う	もろう	脆う	/盛ろう/漏ろう/
ADD	揉んだら	もんだら	門だら	/揉んだら/
KEEP	矢板	やいた	矢板	/焼いた/
ADD	焼き込まない	やきこまない	や着込まない	/焼き込まない/
ADD	焼き込まなかった	やきこまなかった	や着込まなかった	/焼き込まなかった/
ADD	焼き込みました	やきこみました	や着込みました	/焼き込みました/
ADD	焼き込みます	やきこみます	や着込みます	/焼き込みます/
ADD	焼き込めば	やきこめば	や着込めば	/焼き込めば/
ADD	焼き込もう	やきこもう	や着込もう	/焼き込もう/
ADD	焼き込んだ	やきこんだ	や着込んだ	/焼き込んだ/
ADD	焼き込んだら	やきこんだら	や着込んだら	/焼き込んだら/
ADD	焼き込んで	やきこんで	や着込んで	/焼き込んで/
ADD	訳しました	やくしました	約しました	/訳しました/
ADD	焼け残った	やけのこった	焼けの凝った	/焼け残った/
ADD	焼け残ったら	やけのこったら	焼けの凝ったら	/焼け残ったら/
ADD	焼け残って	やけのこって	焼けの凝って	/焼け残って/
ADD	焼け残らない	やけのこらない	焼けの凝らない	/焼け残らない/
ADD	焼け残ります	やけのこります	焼けの凝ります	/焼け残ります/
ADD	焼け残れ	やけのこれ	焼けの此れ	/焼け残れ/
ADD	焼け残れば	やけのこれば	焼けの此れば	/焼け残れば/
ADD	焼け残ろう	やけのころう	焼けの古老	/焼け残ろう/
KEEP	夜行	やこう	夜行	/焼こう/
ADD	休もう	やすもう	ヤス網	/休もう/
ADD	止まなかった	やまなかった	山なかった	/病まなかった/止まなかった/
KEEP	止める	やめる	止める	/病める/
ADD	遣り合え	やりあえ	遣り和え	/遣り合え/
ADD	遣り合った	やりあった	遣り会った	/遣り合った/
ADD	遣り合ったら	やりあったら	遣りあったら	/遣り合ったら/
KEEP	硫黄	ゆおう	硫黄	/結おう/
KEEP	雪通え	ゆきかよえ	雪通え	/行き通え/
KEEP	雪通えば	ゆきかよえば	雪通えば	/行き通えば/
KEEP	雪か因った	ゆきかよった	雪か因った	/行き通った/
ADD	行き通ったら	ゆきかよったら	雪か因ったら	/行き通ったら/
KEEP	雪かよって	ゆきかよって	雪かよって	/行き通って/
KEEP	雪通わない	ゆきかよわない	雪通わない	/行き通わない/
KEEP	雪通わなかった	ゆきかよわなかった	雪通わなかった	/行き通わなかった/
ADD	強請り取った	ゆすりとった	強請りとった	/強請り取った/
ADD	譲り合ったら	ゆずりあったら	譲りあったら	/譲り合ったら/
ADD	揺らない	ゆらない	由良ない	/揺らない/
ADD	揺らなかった	ゆらなかった	由良なかった	/揺らなかった/
ADD	揺り返さない	ゆりかえさない	百合孵さない	/揺り返さない/
ADD	揺り返さなかった	ゆりかえさなかった	百合孵さなかった	/揺り返さなかった/
ADD	揺り返せば	ゆりかえせば	百合孵せば	/揺り返せば/
ADD	揺り戻さない	ゆりもどさない	百合戻さない	/揺り戻さない/
ADD	揺り戻さなかった	ゆりもどさなかった	百合戻さなかった	/揺り戻さなかった/
ADD	揺り戻せ	ゆりもどせ	百合も度せ	/揺り戻せ/
ADD	揺り戻せば	ゆりもどせば	百合戻せば	/揺り戻せば/
ADD	揺り戻そう	ゆりもどそう	百合も土葬	/揺り戻そう/
ADD	許し合え	ゆるしあえ	許し和え	/許し合え/
ADD	許し合った	ゆるしあった	許し会った	/許し合った/
ADD	許し合ったら	ゆるしあったら	許しあったら	/許し合ったら/
ADD	許し合って	ゆるしあって	許しあって	/許し合って/
ADD	酔い潰さない	よいつぶさない	良い潰さない	/酔い潰さない/
ADD	酔い潰さなかった	よいつぶさなかった	良い潰さなかった	/酔い潰さなかった/
ADD	酔い潰した	よいつぶした	良い潰した	/酔い潰した/
ADD	酔い潰したら	よいつぶしたら	良い潰したら	/酔い潰したら/
ADD	酔い潰して	よいつぶして	良い潰して	/酔い潰して/
ADD	酔い潰しました	よいつぶしました	良い潰しました	/酔い潰しました/
ADD	酔い潰します	よいつぶします	良い潰します	/酔い潰します/
ADD	酔い潰せ	よいつぶせ	良い潰せ	/酔い潰せ/
ADD	酔い潰せば	よいつぶせば	良い潰せば	/酔い潰せば/
ADD	酔いました	よいました	良いました	/酔いました/
ADD	酔います	よいます	良います	/酔います/
ADD	良く	よく	翌	/良く/
ADD	良くない	よくない	翌ない	/良くない/
ADD	良くなかった	よくなかった	翌なかった	/良くなかった/
ADD	欲張ったら	よくばったら	翌ばったら	/欲張ったら/
KEEP	良さない	よさない	良さない	/止さない/
KEEP	良さなかった	よさなかった	良さなかった	/止さなかった/
KEEP	予防	よぼう	予防	/呼ぼう/
ADD	読み進める	よみすすめる	読み勧める	/読み進める/
KEEP	嫁	よめ	嫁	/読め/
ADD	嫁入った	よめいった	読め行った	/嫁入った/
ADD	嫁入ったら	よめいったら	読め言ったら	/嫁入ったら/
ADD	嫁入って	よめいって	読め行って	/嫁入って/
KEEP	嫁要らない	よめいらない	嫁要らない	/嫁入らない/
KEEP	嫁要らなかった	よめいらなかった	嫁要らなかった	/嫁入らなかった/
ADD	嫁入りました	よめいりました	よ滅入りました	/嫁入りました/
ADD	嫁入ります	よめいります	よ滅入ります	/嫁入ります/
ADD	嫁入ろう	よめいろう	よ明朗	/嫁入ろう/
KEEP	縒れ	よれ	縒れ	/因れ/寄れ/
ADD	喜び勇め	よろこびいさめ	喜び諫め	/喜び勇め/
ADD	読んだ	よんだ	四だ	/呼んだ/読んだ/
ADD	読んだら	よんだら	四だら	/呼んだら/読んだら/
ADD	読んで	よんで	四で	/呼んで/読んで/
UNSURE		わかなかった	和歌なかった	/沸かなかった/
ADD	湧き出ない	わきでない	脇でない	/湧き出ない/
ADD	湧き出なかった	わきでなかった	脇でなかった	/湧き出なかった/
KEEP	分け	わけ	分け	/沸け/
ADD	分け合え	わけあえ	分け和え	/分け合え/
ADD	分け合えば	わけあえば	分け会えば	/分け合えば/
ADD	分け合おう	わけあおう	分けあおう	/分け合おう/
ADD	分け合った	わけあった	分け会った	/分け合った/
ADD	分け合ったら	わけあったら	分けあったら	/分け合ったら/
ADD	分け合って	わけあって	分けあって	/分け合って/
UNSURE		わけば	分けば	/沸けば/
KEEP	和光	わこう	和光	/沸こう/
ADD	渡り合ったら	わたりあったら	渡りあったら	/渡り合ったら/
ADD	笑い返さない	わらいかえさない	笑い孵さない	/笑い返さない/
ADD	笑い返さなかった	わらいかえさなかった	笑い孵さなかった	/笑い返さなかった/
ADD	笑い返した	わらいかえした	笑い孵した	/笑い返した/
ADD	笑い返したら	わらいかえしたら	笑い孵したら	/笑い返したら/
ADD	笑い返して	わらいかえして	笑い孵して	/笑い返して/
ADD	笑い返しました	わらいかえしました	笑い孵しました	/笑い返しました/
ADD	笑い返します	わらいかえします	笑い孵します	/笑い返します/
ADD	笑い返せば	わらいかえせば	笑い孵せば	/笑い返せば/
ADD	割り入った	わりいった	割行った	/割り入った/
ADD	割り入らない	わりいらない	割要らない	/割り入らない/
ADD	割り入らなかった	わりいらなかった	割要らなかった	/割り入らなかった/
ADD	割り入ろう	わりいろう	わりい郎	/割り入ろう/
ADD	打とう	うとう	疎う	/打とう/
ADD	選べ	えらべ	偉べ	/選べ/
KEEP	過労	かろう	過労	/駆ろう/借ろう/狩ろう/刈ろう/
KEEP	呼応	こおう	呼応	/請おう/恋おう/
ADD	濃くない	こくない	国無い	/濃くない/
KEEP	濃そう	こそう	濃そう	/越そう/漉そう/
KEEP	白う	しろう	白う	/知ろう/
KEEP	施工	せこう	施工	/急こう/咳こう/
KEEP	他校	たこう	他校	/焚こう/
ADD	通そう	とうそう	等そう	/通そう/
KEEP	遠う	とおう	遠う	/問おう/
KEEP	良そう	よそう	良そう	/止そう/
